1,1,1,70,49,111,99,35,128,26,131,
1,2,2,35,12,117,89,82,112,45,62,
1,3,3,26,6,57,89,54,185,156,110,
1,4,4,19,3,113,170,125,151,108,75,
1,5,1,59,34,136,171,90,157,167,10,
1,6,2,22,4,55,111,73,127,104,87,
1,7,3,1,0,34,73,75,82,99,30,
1,8,4,-50,0,100,120,102,85,123,55,
1,9,1,60,36,143,147,46,138,133,158,
1,10,2,29,8,148,89,2,81,23,143,
1,11,3,22,4,98,31,99,98,49,233,
1,12,4,-65,0,161,164,134,-65,37,102,
1,13,1,86,73,180,58,87,151,176,44,
1,14,2,69,47,221,70,17,88,70,13,
1,15,3,48,23,139,88,87,0,89,76,
1,16,4,15,2,145,146,104,48,138,59,
1,17,1,50,25,53,136,53,112,150,82,
1,18,2,45,20,142,55,46,34,105,66,
1,19,3,19,3,117,-8,82,142,60,-25,
1,20,4,-8,0,94,124,90,61,109,78,
1,21,1,76,57,49,183,68,107,84,59,
1,22,2,30,9,174,196,112,63,55,185,
1,23,3,23,5,61,156,92,80,127,14,
1,24,4,5,0,23,27,98,65,112,109,
1,25,1,65,42,119,156,129,91,115,141,
1,26,2,56,31,62,108,117,150,61,124,
1,27,3,54,29,114,119,144,128,139,109,
1,28,4,49,24,29,149,142,127,171,151,
1,29,1,68,46,112,133,98,119,155,95,
1,30,2,66,43,93,178,46,39,52,98,
1,31,3,34,11,80,109,15,92,95,33,
1,32,4,-77,0,32,163,151,46,139,143,
1,33,1,92,84,75,106,43,129,94,88,
1,34,2,53,28,93,86,-49,158,129,68,
1,35,3,38,14,141,97,120,68,49,112,
1,36,4,3,0,108,215,174,85,63,66,
1,37,1,45,20,135,58,250,87,173,118,
1,38,2,44,19,29,246,99,95,131,77,
1,39,3,35,12,129,160,96,95,92,48,
1,40,4,-8,0,51,233,190,89,67,167,
2,1,1,79,62,176,136,53,81,23,82,
2,2,2,68,46,176,136,53,81,23,82,
2,3,3,46,21,75,99,43,175,94,88,
2,4,4,20,4,174,246,99,63,55,185,
2,5,1,82,67,136,156,90,91,167,10,
2,6,2,45,20,49,183,87,107,176,59,
2,7,3,31,9,174,246,99,63,55,185,
2,8,4,24,5,49,183,68,151,176,59,
2,9,1,91,82,221,70,68,88,70,59,
2,10,2,78,60,53,183,68,107,84,78,
2,11,3,42,17,29,149,139,151,108,75,
2,12,4,35,12,49,183,87,107,176,59,
2,13,1,56,31,112,133,98,119,52,98,
2,14,2,54,29,111,99,35,128,139,109,
2,15,3,35,12,93,86,90,158,129,10,
2,16,4,21,4,75,99,43,175,94,88,
2,17,1,71,50,62,108,98,119,155,124,
2,18,2,69,47,62,108,98,119,155,124,
2,19,3,67,44,62,108,98,119,155,124,
2,20,4,43,18,53,183,68,107,84,78,
2,21,1,51,26,119,136,129,91,115,141,
2,22,2,50,25,142,89,46,112,105,62,
2,23,3,44,19,93,86,90,158,129,10,
2,24,4,-4,0,75,99,43,175,94,88,
2,25,1,74,54,221,70,68,88,70,59,
2,26,2,63,39,180,106,43,129,176,88,
2,27,3,61,37,93,86,90,158,129,10,
2,28,4,50,25,112,133,98,119,52,98,
2,29,1,85,72,112,133,68,119,155,95,
2,30,2,67,44,75,133,43,129,155,88,
2,31,3,51,26,62,108,98,119,155,124,
2,32,4,-13,0,49,183,87,107,176,59,
2,33,1,54,29,75,133,43,129,155,88,
2,34,2,39,15,93,86,90,158,129,10,
2,35,3,36,12,62,88,117,150,89,124,
2,36,4,-6,0,29,106,99,95,131,88,
2,37,1,85,72,117,86,82,142,60,-25,
2,38,2,79,62,29,246,98,119,155,95,
2,39,3,58,33,62,88,117,150,89,124,
2,40,4,24,5,29,246,98,119,155,95,
3,1,1,66,43,80,109,15,217,95,82,
3,2,2,54,29,93,178,46,39,45,98,
3,3,3,35,12,53,183,98,119,129,116,
3,4,4,26,6,141,97,120,88,70,59,
3,5,1,82,67,221,70,90,91,167,155,
3,6,2,45,20,93,178,90,39,52,98,
3,7,3,29,8,75,246,99,129,131,88,
3,8,4,23,5,49,246,99,95,131,77,
3,9,1,146,213,136,70,90,91,167,10,
3,10,2,57,32,62,246,98,119,155,185,
3,11,3,17,2,112,133,68,158,155,95,
3,12,4,9,0,53,183,98,119,129,116,
3,13,1,70,49,53,183,68,107,84,78,
3,14,2,66,43,180,165,43,129,171,151,
3,15,3,39,15,221,246,68,88,131,59,
3,16,4,33,10,93,246,99,95,129,77,
3,17,1,54,29,75,133,43,129,155,88,
3,18,2,35,12,141,97,120,88,70,59,
3,19,3,21,4,75,246,99,129,131,88,
3,20,4,10,1,80,109,15,217,95,82,
3,21,1,66,43,221,136,53,135,70,103,
3,22,2,30,9,136,89,46,91,167,10,
3,23,3,22,4,80,109,15,217,95,82,
3,24,4,-86,0,117,86,82,39,60,98,
3,25,1,51,26,221,70,90,91,167,155,
3,26,2,24,5,75,133,43,129,155,88,
3,27,3,20,4,148,106,43,129,176,88,
3,28,4,-33,0,53,183,68,107,84,78,
3,29,1,62,38,49,70,68,107,70,59,
3,30,2,44,19,112,133,120,119,49,112,
3,31,3,30,9,62,246,98,119,155,185,
3,32,4,28,7,62,86,98,142,155,-25,
3,33,1,76,57,148,106,43,129,176,88,
3,34,2,74,54,112,133,120,119,49,112,
3,35,3,21,4,80,109,15,217,95,82,
3,36,4,21,4,53,183,68,107,84,78,
3,37,1,34,11,93,178,90,39,52,98,
3,38,2,34,11,148,106,43,129,176,88,
3,39,3,27,7,152,133,68,119,84,95,
3,40,4,23,5,112,133,68,158,155,95,
4,1,1,52,27,142,89,43,112,155,62,
4,2,2,49,24,221,70,90,91,167,155,
4,3,3,18,3,221,132,15,91,167,82,
4,4,4,-17,0,153,70,90,142,167,155,
4,5,1,113,127,180,106,98,119,176,88,
4,6,2,72,51,180,106,98,119,176,88,
4,7,3,62,38,117,246,82,88,60,-25,
4,8,4,61,37,136,70,68,91,70,10,
4,9,1,77,59,221,70,90,91,167,155,
4,10,2,51,26,136,70,90,91,167,10,
4,11,3,49,24,180,136,53,129,171,103,
4,12,4,28,7,119,183,129,119,115,116,
4,13,1,45,20,62,108,149,129,155,88,
4,14,2,43,18,111,246,35,128,139,95,
4,15,3,19,3,221,70,68,88,95,59,
4,16,4,-51,0,221,136,53,135,167,103,
4,17,1,79,62,62,108,149,129,155,88,
4,18,2,17,2,117,246,82,88,60,-25,
4,19,3,16,2,221,136,43,129,155,88,
4,20,4,-30,0,221,132,15,91,167,82,
4,21,1,104,108,180,106,98,119,176,88,
4,22,2,61,37,93,86,90,135,70,10,
4,23,3,48,23,52,136,53,135,105,103,
4,24,4,47,22,180,106,98,119,176,88,
4,25,1,58,33,62,246,98,150,155,185,
4,26,2,53,28,141,97,120,91,70,102,
4,27,3,52,27,62,88,117,91,167,124,
4,28,4,-19,0,132,133,90,91,155,10,
4,29,1,70,49,221,149,68,88,70,59,
4,30,2,58,33,119,136,129,129,115,88,
4,31,3,35,12,221,136,53,135,167,103,
4,32,4,0,0,112,133,68,128,139,151,
4,33,1,81,65,221,70,90,91,167,155,
4,34,2,34,11,119,183,129,119,115,116,
4,35,3,27,7,93,70,100,158,70,10,
4,36,4,23,5,221,132,15,91,167,82,
4,37,1,86,73,136,70,90,91,167,10,
4,38,2,61,37,93,86,90,135,70,10,
4,39,3,61,37,132,133,90,91,155,10,
4,40,4,38,14,111,246,35,128,139,95,
5,1,1,47,22,85,70,98,119,176,59,
5,2,2,35,12,49,70,68,135,70,59,
5,3,3,31,9,221,136,68,88,70,59,
5,4,4,-37,0,141,97,120,91,70,10,
5,5,1,33,10,221,70,68,91,167,155,
5,6,2,20,4,142,70,90,112,155,10,
5,7,3,-13,0,136,70,144,91,167,10,
5,8,4,-59,0,221,149,43,88,99,59,
5,9,1,47,22,141,106,120,119,70,102,
5,10,2,39,15,93,86,90,135,115,10,
5,11,3,37,13,221,246,35,88,70,59,
5,12,4,25,6,49,70,68,119,49,59,
5,13,1,43,18,180,70,90,119,64,88,
5,14,2,36,12,141,106,120,119,70,102,
5,15,3,25,6,180,70,90,119,64,88,
5,16,4,18,3,221,70,68,88,70,59,
5,17,1,45,20,221,136,68,88,70,59,
5,18,2,36,12,141,97,120,91,70,10,
5,19,3,17,2,180,106,60,119,176,88,
5,20,4,-38,0,62,246,82,88,155,-25,
5,21,1,54,29,136,143,98,119,176,10,
5,22,2,44,19,136,70,144,91,167,10,
5,23,3,31,9,136,136,68,91,70,103,
5,24,4,15,2,221,70,68,88,70,59,
5,25,1,58,33,136,70,120,91,49,10,
5,26,2,45,20,180,136,129,129,176,88,
5,27,3,45,20,180,106,98,119,176,88,
5,28,4,38,14,93,133,68,119,70,104,
5,29,1,87,75,221,149,43,88,99,59,
5,30,2,61,37,142,89,120,91,155,62,
5,31,3,18,3,49,70,68,135,70,59,
5,32,4,-3,0,62,246,82,88,155,-25,
5,33,1,73,53,117,246,98,88,60,185,
5,34,2,73,53,180,136,53,129,171,103,
5,35,3,73,53,49,70,90,107,70,59,
5,36,4,64,40,221,136,98,119,70,103,
5,37,1,73,53,180,106,60,119,176,88,
5,38,2,48,23,136,70,68,91,70,112,
5,39,3,27,7,180,106,98,158,176,88,
5,40,4,18,3,180,106,98,88,70,88,
6,1,1,57,32,132,70,90,91,49,10,
6,2,2,43,18,221,106,62,119,78,103,
6,3,3,39,15,221,70,90,91,167,10,
6,4,4,39,15,136,70,120,91,49,10,
6,5,1,74,54,180,133,90,129,109,10,
6,6,2,56,31,136,70,68,70,60,185,
6,7,3,50,25,136,70,98,91,60,10,
6,8,4,20,4,49,70,90,107,49,59,
6,9,1,49,24,136,106,120,119,70,10,
6,10,2,37,13,180,133,90,129,109,10,
6,11,3,-1,0,28,246,90,91,155,10,
6,12,4,-40,0,111,246,53,128,139,103,
6,13,1,45,20,196,106,98,119,176,103,
6,14,2,44,19,136,70,90,135,147,10,
6,15,3,34,11,132,70,90,91,49,10,
6,16,4,24,5,180,133,90,129,109,10,
6,17,1,78,60,117,70,98,91,167,10,
6,18,2,66,43,111,89,35,91,60,62,
6,19,3,61,37,180,136,90,129,104,103,
6,20,4,18,3,180,179,98,158,176,103,
6,21,1,59,34,221,70,90,91,167,10,
6,22,2,37,13,85,35,98,119,176,59,
6,23,3,26,6,92,133,90,91,70,104,
6,24,4,22,4,132,133,90,91,155,10,
6,25,1,80,64,136,143,98,119,176,10,
6,26,2,58,33,132,133,90,91,155,10,
6,27,3,51,26,221,106,62,119,78,103,
6,28,4,43,18,111,246,120,128,139,62,
6,29,1,64,40,136,86,90,135,49,10,
6,30,2,48,23,136,86,90,135,49,10,
6,31,3,43,18,117,70,98,88,60,10,
6,32,4,30,9,93,132,90,91,167,82,
6,33,1,57,32,136,116,68,91,49,10,
6,34,2,38,14,49,70,90,85,70,59,
6,35,3,35,12,136,70,98,91,60,10,
6,36,4,23,5,180,133,90,129,109,10,
6,37,1,54,29,132,70,90,91,49,10,
6,38,2,47,22,117,70,98,91,167,10,
6,39,3,-24,0,180,136,53,91,171,62,
6,40,4,-29,0,180,136,53,91,171,62,
7,1,1,78,60,188,70,90,119,176,10,
7,2,2,55,30,180,81,90,135,147,10,
7,3,3,43,18,221,106,90,91,70,10,
7,4,4,-34,0,180,106,98,7,104,103,
7,5,1,60,36,117,70,98,91,167,10,
7,6,2,38,14,136,116,68,91,70,10,
7,7,3,-17,0,117,246,43,111,60,185,
7,8,4,-33,0,111,89,149,91,60,62,
7,9,1,58,33,117,70,98,91,167,10,
7,10,2,54,29,117,136,90,129,60,185,
7,11,3,37,13,180,86,60,119,176,10,
7,12,4,25,6,117,136,90,129,60,185,
7,13,1,47,22,117,70,98,91,167,10,
7,14,2,42,17,180,86,60,119,176,10,
7,15,3,22,4,136,70,90,135,109,129,
7,16,4,22,4,221,149,43,88,99,10,
7,17,1,67,44,136,70,98,119,60,10,
7,18,2,66,43,117,70,98,91,167,10,
7,19,3,50,25,128,70,98,107,70,10,
7,20,4,-18,0,180,106,98,7,104,103,
7,21,1,73,53,180,18,90,91,167,10,
7,22,2,41,16,180,81,90,135,147,10,
7,23,3,22,4,117,246,120,-39,60,10,
7,24,4,-2,0,49,149,90,88,70,59,
7,25,1,60,36,117,70,98,91,167,10,
7,26,2,45,20,180,136,98,129,171,103,
7,27,3,14,1,180,136,90,91,49,120,
7,28,4,-15,0,58,246,98,45,49,185,
7,29,1,56,31,180,81,90,135,147,10,
7,30,2,56,31,136,116,68,91,70,10,
7,31,3,39,15,221,149,43,88,171,59,
7,32,4,-69,0,49,149,90,88,70,59,
7,33,1,79,62,180,136,90,91,49,120,
7,34,2,54,29,117,246,120,-39,60,10,
7,35,3,29,8,136,70,98,135,60,10,
7,36,4,-90,0,58,246,98,45,49,185,
7,37,1,59,34,180,18,90,91,167,10,
7,38,2,51,26,221,136,12,119,171,103,
7,39,3,50,25,136,70,98,91,60,10,
7,40,4,49,24,117,70,98,91,167,10,
8,1,1,72,51,180,18,68,91,167,10,
8,2,2,44,19,117,70,98,91,167,10,
8,3,3,36,12,221,70,90,88,49,59,
8,4,4,20,4,180,18,90,91,167,10,
8,5,1,64,40,117,143,98,129,176,10,
8,6,2,29,8,180,18,90,91,167,10,
8,7,3,3,0,117,136,90,105,60,185,
8,8,4,-53,0,117,136,-5,129,167,108,
8,9,1,59,34,221,70,90,119,70,10,
8,10,2,24,5,188,70,90,119,156,10,
8,11,3,22,4,117,136,90,105,60,185,
8,12,4,4,0,221,70,12,38,171,103,
8,13,1,71,50,180,70,60,119,176,10,
8,14,2,68,46,221,70,62,85,78,103,
8,15,3,34,11,117,70,90,135,147,10,
8,16,4,9,0,117,132,90,91,167,10,
8,17,1,42,17,136,70,98,119,176,10,
8,18,2,31,9,221,136,12,119,167,10,
8,19,3,30,9,221,70,90,88,49,59,
8,20,4,29,8,188,70,90,135,176,129,
8,21,1,39,15,46,18,90,146,139,175,
8,22,2,33,10,117,136,-5,129,167,108,
8,23,3,19,3,128,143,98,119,176,10,
8,24,4,1,0,117,143,98,129,60,10,
8,25,1,49,24,188,70,90,135,176,129,
8,26,2,44,19,117,78,98,88,60,10,
8,27,3,28,7,46,18,90,146,139,175,
8,28,4,-2,0,46,18,90,146,139,175,
8,29,1,62,38,136,116,68,65,0,10,
8,30,2,61,37,221,70,98,88,99,10,
8,31,3,59,34,136,86,120,128,49,10,
8,32,4,41,16,221,70,90,119,70,10,
8,33,1,73,53,117,116,98,91,70,10,
8,34,2,67,44,117,143,98,129,176,10,
8,35,3,56,31,221,106,90,129,78,103,
8,36,4,41,16,221,70,90,119,70,10,
8,37,1,61,37,180,18,90,91,167,10,
8,38,2,29,8,128,143,98,119,176,10,
8,39,3,-17,0,117,136,-5,129,167,108,
8,40,4,-21,0,117,136,-5,129,167,108,
9,1,1,59,34,221,70,62,85,78,103,
9,2,2,55,30,136,18,68,91,70,10,
9,3,3,42,17,136,18,68,119,167,10,
9,4,4,19,3,221,70,52,88,99,10,
9,5,1,44,19,221,70,90,85,78,59,
9,6,2,40,16,136,116,120,128,0,10,
9,7,3,37,13,136,136,120,128,49,103,
9,8,4,18,3,180,18,90,91,167,10,
9,9,1,88,77,117,136,12,135,147,10,
9,10,2,68,46,72,70,98,119,167,10,
9,11,3,54,29,221,116,68,85,78,103,
9,12,4,52,27,180,70,90,119,70,10,
9,13,1,45,20,221,136,12,91,167,133,
9,14,2,42,17,136,116,98,119,0,10,
9,15,3,39,15,221,136,12,91,167,133,
9,16,4,32,10,221,106,60,129,78,103,
9,17,1,76,57,180,78,30,88,167,10,
9,18,2,71,50,136,116,120,128,0,10,
9,19,3,70,49,136,18,68,119,167,10,
9,20,4,30,9,136,18,68,91,70,10,
9,21,1,62,38,136,18,68,91,70,10,
9,22,2,57,32,117,78,59,88,70,10,
9,23,3,10,1,221,136,12,119,171,10,
9,24,4,0,0,221,70,52,88,99,10,
9,25,1,65,42,136,116,98,91,60,10,
9,26,2,50,25,136,70,62,128,49,103,
9,27,3,48,23,221,70,98,88,167,59,
9,28,4,6,0,136,70,62,128,49,103,
9,29,1,59,34,136,18,68,119,167,10,
9,30,2,59,34,180,18,68,72,167,10,
9,31,3,44,19,136,70,60,119,176,10,
9,32,4,28,7,180,106,90,91,78,10,
9,33,1,29,8,136,116,98,119,0,10,
9,34,2,17,2,221,70,90,85,78,59,
9,35,3,-7,0,221,136,12,119,171,10,
9,36,4,-23,0,72,70,98,119,167,10,
9,37,1,66,43,136,70,60,119,176,10,
9,38,2,58,33,188,70,90,119,156,10,
9,39,3,41,16,180,136,98,129,171,103,
9,40,4,16,2,136,70,60,119,176,65,
10,1,1,48,23,180,70,90,135,167,129,
10,2,2,43,18,136,70,98,65,167,10,
10,3,3,40,16,188,70,90,119,156,10,
10,4,4,33,10,117,78,98,88,70,10,
10,5,1,33,10,180,18,68,72,78,10,
10,6,2,14,1,136,122,68,72,167,10,
10,7,3,6,0,117,78,98,119,60,10,
10,8,4,3,0,117,116,98,91,70,10,
10,9,1,43,18,117,116,98,91,70,10,
10,10,2,29,8,136,122,68,72,167,10,
10,11,3,4,0,221,106,120,128,99,103,
10,12,4,0,0,117,136,12,135,147,103,
10,13,1,77,59,221,136,62,91,167,103,
10,14,2,71,50,136,70,98,119,167,10,
10,15,3,42,17,117,78,98,138,60,10,
10,16,4,-9,0,136,70,98,65,167,10,
10,17,1,34,11,117,18,98,91,167,10,
10,18,2,29,8,117,116,98,184,167,10,
10,19,3,13,1,180,81,90,72,167,10,
10,20,4,13,1,117,18,98,91,167,10,
10,21,1,39,15,136,122,68,72,167,10,
10,22,2,22,4,180,18,90,91,167,10,
10,23,3,12,1,117,78,98,88,70,10,
10,24,4,-43,0,136,116,98,91,176,10,
10,25,1,31,9,136,116,98,91,176,10,
10,26,2,28,7,117,78,98,138,60,10,
10,27,3,1,0,180,81,90,72,167,10,
10,28,4,-5,0,136,70,12,135,49,10,
10,29,1,51,26,136,70,98,119,167,10,
10,30,2,43,18,72,70,90,119,109,10,
10,31,3,41,16,180,78,120,88,50,10,
10,32,4,25,6,180,18,68,72,78,10,
10,33,1,50,25,136,70,98,65,167,10,
10,34,2,18,3,123,70,60,119,176,10,
10,35,3,15,2,136,70,98,119,176,10,
10,36,4,14,1,221,136,62,91,167,103,
10,37,1,79,62,221,136,62,91,167,103,
10,38,2,64,40,180,18,68,128,49,103,
10,39,3,55,30,117,136,12,135,147,103,
10,40,4,-22,0,136,116,98,91,176,10,
11,1,1,22,4,180,18,90,119,109,10,
11,2,2,20,4,136,18,98,91,70,10,
11,3,3,19,3,136,18,98,91,70,10,
11,4,4,-2,0,136,116,62,91,167,103,
11,5,1,60,36,180,136,62,128,167,103,
11,6,2,30,9,180,136,62,128,167,103,
11,7,3,19,3,136,70,12,119,167,10,
11,8,4,-26,0,180,136,62,128,167,103,
11,9,1,69,47,180,136,62,128,167,103,
11,10,2,51,26,136,18,98,91,70,10,
11,11,3,43,18,117,78,98,88,167,10,
11,12,4,28,7,180,70,90,119,78,10,
11,13,1,56,31,136,18,68,91,167,10,
11,14,2,53,28,221,136,98,91,167,103,
11,15,3,50,25,221,70,62,128,49,103,
11,16,4,47,22,117,70,98,119,60,10,
11,17,1,52,27,188,70,98,119,167,10,
11,18,2,50,25,136,116,98,91,60,10,
11,19,3,46,21,117,70,98,135,167,10,
11,20,4,18,3,72,136,62,119,167,103,
11,21,1,110,121,180,136,62,128,167,103,
11,22,2,69,47,136,116,98,91,60,10,
11,23,3,57,32,221,136,98,91,167,103,
11,24,4,50,25,136,116,62,91,167,103,
11,25,1,52,27,221,136,98,91,167,103,
11,26,2,45,20,136,18,68,128,49,103,
11,27,3,33,10,221,136,98,91,167,103,
11,28,4,32,10,117,78,98,88,167,10,
11,29,1,7,0,180,18,68,156,167,10,
11,30,2,-3,0,180,70,90,72,167,10,
11,31,3,-29,0,221,116,62,91,167,103,
11,32,4,-44,0,136,18,68,91,70,10,
11,33,1,44,19,117,78,98,88,167,10,
11,34,2,35,12,117,70,98,119,60,10,
11,35,3,32,10,180,136,62,128,167,103,
11,36,4,29,8,136,70,90,119,156,10,
11,37,1,67,44,136,116,98,91,70,10,
11,38,2,56,31,117,116,98,119,167,10,
11,39,3,-6,0,72,116,98,91,109,10,
11,40,4,-16,0,136,116,98,91,60,10,
12,1,1,73,53,136,84,68,119,49,10,
12,2,2,41,16,118,136,98,91,167,10,
12,3,3,31,9,180,70,136,128,49,10,
12,4,4,26,6,94,70,98,65,167,10,
12,5,1,56,31,136,18,98,65,167,10,
12,6,2,52,27,180,70,98,135,167,103,
12,7,3,40,16,72,136,68,91,167,103,
12,8,4,38,14,136,136,98,128,167,71,
12,9,1,35,12,136,18,98,91,167,10,
12,10,2,35,12,136,48,98,119,167,10,
12,11,3,14,1,136,18,98,91,167,10,
12,12,4,-77,0,180,43,68,6,78,103,
12,13,1,41,16,117,18,68,135,167,10,
12,14,2,36,12,180,70,90,119,78,10,
12,15,3,27,7,136,70,98,91,167,10,
12,16,4,4,0,117,116,98,96,60,103,
12,17,1,84,70,180,70,98,135,167,103,
12,18,2,54,29,180,136,62,128,167,103,
12,19,3,39,15,136,70,98,119,167,10,
12,20,4,33,10,72,136,68,91,167,103,
12,21,1,72,51,72,136,68,91,167,103,
12,22,2,60,36,221,136,98,91,60,103,
12,23,3,50,25,188,116,98,91,70,10,
12,24,4,35,12,180,43,68,6,78,103,
12,25,1,48,23,221,136,98,91,60,103,
12,26,2,44,19,180,136,62,128,49,103,
12,27,3,43,18,180,70,98,135,167,103,
12,28,4,29,8,180,18,68,128,49,103,
12,29,1,81,65,136,116,98,91,70,10,
12,30,2,76,57,94,70,98,65,167,10,
12,31,3,61,37,136,116,98,128,49,10,
12,32,4,40,16,136,116,98,91,70,10,
12,33,1,101,102,136,70,98,119,167,10,
12,34,2,29,8,221,70,98,128,49,10,
12,35,3,18,3,136,116,98,91,70,10,
12,36,4,16,2,117,136,12,135,147,103,
12,37,1,39,15,180,70,136,128,49,10,
12,38,2,23,5,180,136,62,128,167,103,
12,39,3,9,0,117,136,12,128,49,103,
12,40,4,-20,0,136,136,98,128,167,71,
13,1,1,54,29,136,18,68,128,60,10,
13,2,2,47,22,136,136,62,128,49,103,
13,3,3,46,21,136,116,105,91,70,10,
13,4,4,42,17,94,70,98,156,78,10,
13,5,1,86,73,136,18,98,119,167,10,
13,6,2,62,38,180,136,62,128,167,103,
13,7,3,61,37,136,84,62,119,49,10,
13,8,4,30,9,94,70,98,156,78,10,
13,9,1,72,51,180,18,62,128,167,103,
13,10,2,29,8,161,116,98,119,49,10,
13,11,3,28,7,136,136,98,128,167,71,
13,12,4,26,6,136,136,98,128,167,71,
13,13,1,51,26,117,18,68,135,167,10,
13,14,2,23,5,180,136,62,128,167,103,
13,15,3,23,5,136,136,62,128,167,73,
13,16,4,21,4,136,70,68,119,49,10,
13,17,1,55,30,180,116,98,91,60,10,
13,18,2,46,21,117,70,98,91,167,10,
13,19,3,31,9,180,136,62,128,167,103,
13,20,4,27,7,180,70,98,65,40,10,
13,21,1,68,46,136,116,68,91,51,10,
13,22,2,34,11,180,18,62,128,167,103,
13,23,3,27,7,180,136,98,128,49,10,
13,24,4,20,4,94,70,98,156,78,10,
13,25,1,62,38,136,84,68,91,167,103,
13,26,2,56,31,180,116,9,91,167,10,
13,27,3,42,17,136,136,98,128,167,71,
13,28,4,21,4,136,116,98,128,30,10,
13,29,1,47,22,136,136,62,128,167,10,
13,30,2,38,14,136,84,62,119,49,10,
13,31,3,19,3,136,116,98,91,60,10,
13,32,4,4,0,136,116,98,91,60,10,
13,33,1,45,20,136,136,62,128,49,103,
13,34,2,34,11,136,136,98,91,60,103,
13,35,3,34,11,117,70,98,91,167,10,
13,36,4,13,1,136,116,98,119,167,10,
13,37,1,81,65,180,136,62,128,70,103,
13,38,2,77,59,136,136,62,91,167,10,
13,39,3,56,31,180,116,98,91,60,10,
13,40,4,32,10,221,136,98,91,167,103,
14,1,1,39,15,136,136,62,128,70,10,
14,2,2,36,12,136,18,39,119,60,103,
14,3,3,30,9,136,116,68,128,49,10,
14,4,4,-20,0,180,18,9,128,60,10,
14,5,1,100,100,136,116,68,65,167,10,
14,6,2,58,33,136,136,98,91,167,103,
14,7,3,53,28,94,70,98,91,167,10,
14,8,4,45,20,136,136,98,91,49,103,
14,9,1,90,81,180,18,9,128,60,10,
14,10,2,46,21,136,70,62,128,167,10,
14,11,3,41,16,136,136,62,128,70,10,
14,12,4,-38,0,136,136,98,65,167,10,
14,13,1,56,31,136,116,98,91,70,10,
14,14,2,38,14,180,136,62,128,70,10,
14,15,3,37,13,180,18,9,128,60,10,
14,16,4,4,0,136,116,98,91,70,10,
14,17,1,73,53,136,136,68,128,60,10,
14,18,2,55,30,136,18,98,91,167,103,
14,19,3,34,11,136,72,68,91,51,10,
14,20,4,24,5,136,84,98,160,70,103,
14,21,1,39,15,94,70,98,91,167,10,
14,22,2,29,8,180,136,62,128,167,10,
14,23,3,23,5,136,72,68,91,51,10,
14,24,4,-38,0,136,136,98,91,49,103,
14,25,1,64,40,136,70,98,135,167,10,
14,26,2,57,32,180,18,62,128,154,103,
14,27,3,52,27,136,18,62,119,167,103,
14,28,4,43,18,180,136,62,128,70,103,
14,29,1,72,51,180,136,62,128,70,10,
14,30,2,37,13,180,70,68,128,60,10,
14,31,3,33,10,180,70,98,119,167,10,
14,32,4,16,2,136,136,98,65,167,10,
14,33,1,58,33,180,18,9,128,60,10,
14,34,2,38,14,136,84,68,119,167,103,
14,35,3,34,11,180,70,98,91,49,10,
14,36,4,34,11,94,116,98,119,49,10,
14,37,1,57,32,180,136,62,128,70,10,
14,38,2,52,27,180,70,98,91,49,10,
14,39,3,49,24,136,136,62,119,49,10,
14,40,4,-27,0,136,118,98,30,145,10,
15,1,1,103,106,180,18,62,119,154,103,
15,2,2,45,20,136,136,62,128,167,103,
15,3,3,44,19,180,132,98,91,167,10,
15,4,4,43,18,136,136,98,135,167,10,
15,5,1,36,12,136,116,68,65,167,10,
15,6,2,17,2,136,116,98,92,167,10,
15,7,3,13,1,94,136,62,91,167,10,
15,8,4,-27,0,180,116,12,65,167,10,
15,9,1,81,65,180,70,42,128,167,10,
15,10,2,77,59,136,18,62,128,70,103,
15,11,3,54,29,136,136,98,128,49,103,
15,12,4,28,7,136,136,62,128,167,103,
15,13,1,60,36,94,136,62,91,167,10,
15,14,2,47,22,180,132,98,91,167,10,
15,15,3,-20,0,136,84,62,160,167,10,
15,16,4,-21,0,180,118,98,91,70,10,
15,17,1,37,13,136,144,98,128,167,10,
15,18,2,37,13,136,136,98,128,49,103,
15,19,3,28,7,136,18,98,91,49,103,
15,20,4,-42,0,136,136,98,65,167,10,
15,21,1,59,34,136,136,62,68,167,172,
15,22,2,50,25,180,70,62,128,70,10,
15,23,3,-14,0,136,136,98,65,167,10,
15,24,4,-36,0,180,136,62,128,154,103,
15,25,1,87,75,94,70,98,91,167,10,
15,26,2,63,39,180,18,62,119,154,103,
15,27,3,44,19,136,136,62,128,49,10,
15,28,4,9,0,136,84,98,62,49,10,
15,29,1,76,57,136,18,62,128,70,103,
15,30,2,66,43,136,136,62,128,167,103,
15,31,3,48,23,136,136,62,128,49,10,
15,32,4,37,13,136,136,62,68,167,172,
15,33,1,62,38,136,65,68,128,60,10,
15,34,2,55,30,136,136,62,128,49,10,
15,35,3,37,13,180,116,12,65,167,10,
15,36,4,11,1,136,116,98,92,167,10,
15,37,1,101,102,221,136,98,65,167,103,
15,38,2,75,56,94,136,62,91,167,10,
15,39,3,47,22,180,136,62,128,154,103,
15,40,4,6,0,136,116,98,92,167,10,
16,1,1,56,31,180,136,62,128,49,103,
16,2,2,47,22,136,136,92,128,167,103,
16,3,3,37,13,136,18,62,128,154,103,
16,4,4,35,12,136,136,98,91,49,10,
16,5,1,90,81,180,70,42,91,167,10,
16,6,2,64,40,136,18,62,119,167,10,
16,7,3,50,25,180,70,62,128,167,10,
16,8,4,36,12,136,136,62,68,70,103,
16,9,1,60,36,180,70,105,91,167,10,
16,10,2,48,23,136,18,62,119,167,103,
16,11,3,38,14,136,136,98,91,49,10,
16,12,4,6,0,180,136,62,128,167,10,
16,13,1,53,28,94,70,62,91,167,10,
16,14,2,11,1,136,18,62,119,167,103,
16,15,3,0,0,94,116,98,119,167,10,
16,16,4,-45,0,136,136,62,68,167,172,
16,17,1,73,53,136,70,98,128,70,10,
16,18,2,72,51,136,70,98,135,167,103,
16,19,3,41,16,74,70,98,91,167,10,
16,20,4,18,3,136,136,62,68,167,172,
16,21,1,35,12,180,70,62,128,167,10,
16,22,2,29,8,107,18,62,128,70,76,
16,23,3,-1,0,136,18,98,128,60,10,
16,24,4,-17,0,180,136,62,128,154,103,
16,25,1,5,0,136,18,62,119,167,103,
16,26,2,-47,0,136,136,62,68,167,172,
16,27,3,-65,0,180,136,62,128,167,10,
16,28,4,-68,0,180,136,62,128,154,103,
16,29,1,62,38,136,18,62,119,167,103,
16,30,2,43,18,136,136,81,135,154,103,
16,31,3,38,14,136,18,62,119,167,10,
16,32,4,15,2,94,116,98,119,167,10,
16,33,1,86,73,136,136,62,68,167,172,
16,34,2,59,34,180,18,62,119,154,103,
16,35,3,34,11,180,18,62,119,70,9,
16,36,4,25,6,74,70,98,91,167,10,
16,37,1,63,39,136,70,98,135,167,10,
16,38,2,60,36,180,70,62,128,167,10,
16,39,3,39,15,180,136,62,128,154,103,
16,40,4,39,15,136,136,62,68,167,172,
17,1,1,60,36,136,70,42,109,167,10,
17,2,2,57,32,221,65,68,65,60,150,
17,3,3,56,31,103,70,62,128,167,10,
17,4,4,45,20,136,18,62,68,70,103,
17,5,1,52,27,180,18,62,128,70,10,
17,6,2,29,8,136,18,62,119,49,103,
17,7,3,10,1,136,70,98,128,167,10,
17,8,4,4,0,136,136,97,65,167,103,
17,9,1,66,43,136,70,98,135,167,103,
17,10,2,58,33,180,136,98,128,49,103,
17,11,3,49,24,136,70,98,135,167,103,
17,12,4,39,15,136,136,92,128,167,103,
17,13,1,86,73,136,136,62,128,167,103,
17,14,2,51,26,136,47,98,91,49,10,
17,15,3,38,14,136,136,62,128,49,103,
17,16,4,25,6,61,144,62,128,167,172,
17,17,1,51,26,136,70,42,109,167,10,
17,18,2,48,23,136,70,105,135,167,10,
17,19,3,47,22,180,136,98,128,49,103,
17,20,4,30,9,136,70,98,135,167,103,
17,21,1,89,79,136,70,98,135,167,103,
17,22,2,74,54,180,18,62,128,70,10,
17,23,3,44,19,180,70,105,128,167,10,
17,24,4,19,3,136,136,62,128,167,103,
17,25,1,70,49,136,70,98,135,167,103,
17,26,2,19,3,94,136,62,91,167,10,
17,27,3,-38,0,221,136,62,65,49,103,
17,28,4,-40,0,136,136,62,128,167,103,
17,29,1,67,44,136,70,98,128,167,10,
17,30,2,38,14,136,70,105,135,167,10,
17,31,3,32,10,136,18,62,119,49,103,
17,32,4,-49,0,94,136,62,91,167,10,
17,33,1,61,37,136,18,62,68,70,103,
17,34,2,2,0,94,136,62,128,167,103,
17,35,3,-14,0,94,136,62,128,167,103,
17,36,4,-42,0,180,136,62,128,154,103,
17,37,1,37,13,136,136,98,101,167,10,
17,38,2,35,12,136,70,98,128,167,10,
17,39,3,4,0,180,136,62,128,154,103,
17,40,4,-7,0,136,70,42,109,167,10,
18,1,1,69,47,61,70,62,128,167,172,
18,2,2,61,37,180,70,105,128,167,103,
18,3,3,42,17,136,18,98,81,169,103,
18,4,4,2,0,136,18,98,128,70,10,
18,5,1,61,37,136,47,98,119,49,10,
18,6,2,48,23,180,70,98,128,167,103,
18,7,3,-1,0,136,70,42,128,167,10,
18,8,4,-24,0,136,70,42,128,167,10,
18,9,1,70,49,221,136,68,65,154,103,
18,10,2,65,42,136,70,98,128,70,10,
18,11,3,62,38,136,70,98,128,167,103,
18,12,4,38,14,136,18,98,128,70,10,
18,13,1,37,13,136,136,98,128,167,103,
18,14,2,21,4,180,136,98,135,49,18,
18,15,3,19,3,180,70,98,128,167,103,
18,16,4,18,3,136,18,62,119,154,103,
18,17,1,86,73,136,70,42,128,167,10,
18,18,2,49,24,136,70,98,135,167,103,
18,19,3,48,23,136,70,42,109,167,10,
18,20,4,25,6,136,70,98,135,167,103,
18,21,1,59,34,180,18,62,128,146,10,
18,22,2,48,23,136,70,98,128,167,103,
18,23,3,25,6,136,136,98,128,167,103,
18,24,4,21,4,107,136,62,128,154,103,
18,25,1,49,24,136,18,62,119,154,103,
18,26,2,42,17,103,70,62,101,126,10,
18,27,3,30,9,180,18,98,128,154,10,
18,28,4,25,6,180,70,105,128,167,103,
18,29,1,67,44,136,18,62,128,167,103,
18,30,2,33,10,136,18,98,81,169,103,
18,31,3,17,2,136,70,62,135,167,103,
18,32,4,4,0,221,65,68,65,60,150,
18,33,1,78,60,136,47,98,119,49,10,
18,34,2,71,50,136,18,62,119,154,103,
18,35,3,39,15,61,144,105,91,167,10,
18,36,4,39,15,61,144,105,91,167,10,
18,37,1,65,42,180,70,105,128,167,103,
18,38,2,39,15,61,70,62,128,167,172,
18,39,3,25,6,136,70,98,135,167,103,
18,40,4,23,5,221,65,68,65,60,150,
19,1,1,71,50,221,136,68,116,167,79,
19,2,2,64,40,136,70,62,128,167,10,
19,3,3,63,39,136,70,62,128,167,10,
19,4,4,50,25,136,143,62,91,167,10,
19,5,1,57,32,136,70,98,135,167,10,
19,6,2,52,27,136,70,62,128,167,10,
19,7,3,38,14,136,47,62,119,49,103,
19,8,4,32,10,180,18,68,128,70,103,
19,9,1,71,50,180,70,105,128,167,103,
19,10,2,64,40,136,47,62,119,49,103,
19,11,3,55,30,221,136,62,128,167,103,
19,12,4,34,11,180,70,105,128,167,10,
19,13,1,39,15,136,47,109,128,167,103,
19,14,2,29,8,136,18,62,128,70,103,
19,15,3,14,1,136,70,98,135,167,10,
19,16,4,-61,0,221,136,62,65,167,103,
19,17,1,53,28,136,47,62,119,49,103,
19,18,2,3,0,136,47,98,119,49,10,
19,19,3,-6,0,180,70,105,128,167,10,
19,20,4,-59,0,136,70,42,128,146,10,
19,21,1,43,18,180,70,105,128,167,103,
19,22,2,36,12,136,47,98,91,70,10,
19,23,3,19,3,136,18,62,128,67,103,
19,24,4,10,1,180,70,105,128,167,103,
19,25,1,50,25,221,136,62,128,167,103,
19,26,2,31,9,136,18,98,84,70,103,
19,27,3,28,7,180,18,62,128,146,69,
19,28,4,27,7,136,143,62,91,167,10,
19,29,1,42,17,180,70,105,128,167,103,
19,30,2,21,4,136,47,98,91,70,10,
19,31,3,19,3,136,18,62,128,67,103,
19,32,4,-48,0,136,143,62,91,167,10,
19,33,1,93,86,221,136,62,128,167,103,
19,34,2,82,67,221,136,68,116,167,79,
19,35,3,74,54,136,143,62,91,167,10,
19,36,4,54,29,221,136,68,65,117,103,
19,37,1,54,29,136,18,62,128,167,103,
19,38,2,46,21,180,70,105,128,167,10,
19,39,3,19,3,136,18,98,128,167,103,
19,40,4,15,2,136,70,98,135,167,10,
20,1,1,54,29,180,70,98,128,49,10,
20,2,2,19,3,180,18,98,128,167,10,
20,3,3,9,0,136,136,98,128,167,103,
20,4,4,-3,0,103,70,62,101,126,103,
20,5,1,91,82,180,18,62,128,167,79,
20,6,2,54,29,136,103,42,91,167,10,
20,7,3,53,28,180,18,98,128,49,10,
20,8,4,33,10,136,136,98,55,90,10,
20,9,1,80,64,221,18,68,65,117,103,
20,10,2,21,4,221,136,68,116,167,103,
20,11,3,6,0,136,143,62,91,167,10,
20,12,4,0,0,180,156,109,128,167,103,
20,13,1,57,32,221,18,68,65,117,103,
20,14,2,38,14,180,18,98,119,146,10,
20,15,3,30,9,136,18,98,116,167,128,
20,16,4,-4,0,221,136,62,116,167,79,
20,17,1,54,29,136,136,98,55,90,10,
20,18,2,47,22,136,136,98,55,90,10,
20,19,3,46,21,136,53,98,119,49,10,
20,20,4,43,18,136,103,42,91,167,10,
20,21,1,43,18,136,136,42,109,167,103,
20,22,2,37,13,221,47,68,119,117,103,
20,23,3,35,12,180,70,98,128,49,10,
20,24,4,35,12,221,47,68,119,117,103,
20,25,1,7,0,136,70,98,135,167,103,
20,26,2,4,0,136,18,98,128,167,48,
20,27,3,-23,0,180,18,98,119,146,10,
20,28,4,-58,0,221,70,98,65,167,103,
20,29,1,38,14,221,47,68,119,117,103,
20,30,2,34,11,136,18,98,116,167,128,
20,31,3,28,7,136,47,62,128,49,59,
20,32,4,3,0,221,18,68,65,117,103,
20,33,1,49,24,136,68,68,116,167,79,
20,34,2,48,23,136,70,98,128,167,10,
20,35,3,33,10,136,143,62,91,167,10,
20,36,4,31,9,221,136,62,128,167,103,
20,37,1,77,59,136,103,42,91,167,10,
20,38,2,45,20,136,70,42,128,167,69,
20,39,3,36,12,180,70,98,128,49,10,
20,40,4,10,1,221,136,98,142,167,103,
21,1,1,59,34,136,18,62,128,167,79,
21,2,2,45,20,221,15,68,116,167,79,
21,3,3,44,19,221,136,62,128,167,103,
21,4,4,25,6,136,18,98,116,49,10,
21,5,1,77,59,180,70,105,128,167,79,
21,6,2,45,20,136,18,42,128,167,79,
21,7,3,45,20,180,18,68,128,117,10,
21,8,4,20,4,136,103,42,128,167,66,
21,9,1,63,39,221,47,62,128,115,79,
21,10,2,60,36,180,18,68,128,117,10,
21,11,3,41,16,221,18,98,128,167,103,
21,12,4,34,11,136,18,62,128,167,79,
21,13,1,60,36,136,18,42,128,167,79,
21,14,2,54,29,221,136,62,65,117,103,
21,15,3,27,7,136,18,68,65,117,103,
21,16,4,-60,0,180,18,98,-11,70,103,
21,17,1,60,36,180,70,98,128,49,10,
21,18,2,36,12,221,18,98,128,167,103,
21,19,3,20,4,180,18,98,128,49,10,
21,20,4,-59,0,221,136,98,116,167,10,
21,21,1,43,18,221,18,68,165,49,103,
21,22,2,24,5,221,18,68,91,117,10,
21,23,3,3,0,180,18,62,128,167,79,
21,24,4,-57,0,180,136,68,65,117,10,
21,25,1,49,24,180,18,62,128,167,79,
21,26,2,47,22,221,18,62,128,167,103,
21,27,3,43,18,136,103,42,128,167,66,
21,28,4,26,6,180,136,68,65,117,10,
21,29,1,68,46,221,18,68,165,49,103,
21,30,2,39,15,136,136,68,116,90,79,
21,31,3,32,10,180,70,98,128,49,10,
21,32,4,28,7,136,18,98,128,167,103,
21,33,1,64,40,136,18,62,128,167,79,
21,34,2,32,10,180,68,98,119,146,10,
21,35,3,-4,0,221,136,68,65,117,103,
21,36,4,-9,0,180,136,68,65,117,10,
21,37,1,24,5,136,18,98,116,49,10,
21,38,2,3,0,221,18,98,128,167,103,
21,39,3,-13,0,136,53,98,119,49,10,
21,40,4,-40,0,180,18,98,128,49,10,
22,1,1,53,28,136,18,62,128,167,79,
22,2,2,49,24,136,18,62,128,167,79,
22,3,3,44,19,136,70,86,128,167,69,
22,4,4,15,2,82,18,62,128,115,10,
22,5,1,48,23,221,47,62,128,167,103,
22,6,2,32,10,136,103,105,128,167,10,
22,7,3,25,6,136,18,42,91,167,139,
22,8,4,15,2,221,15,68,116,167,79,
22,9,1,79,62,136,103,68,91,167,79,
22,10,2,74,54,180,70,105,128,117,79,
22,11,3,57,32,136,18,68,128,167,79,
22,12,4,42,17,82,18,62,128,115,10,
22,13,1,73,53,136,70,86,128,167,69,
22,14,2,57,32,180,70,105,128,167,79,
22,15,3,55,30,221,47,68,128,115,79,
22,16,4,28,7,221,15,68,116,167,79,
22,17,1,48,23,221,18,68,116,49,124,
22,18,2,25,6,136,103,68,91,167,79,
22,19,3,10,1,136,103,68,97,167,79,
22,20,4,6,0,221,47,68,128,115,79,
22,21,1,71,50,136,18,62,128,167,79,
22,22,2,62,38,221,47,62,128,167,103,
22,23,3,55,30,136,18,62,159,167,79,
22,24,4,-17,0,136,136,98,91,74,10,
22,25,1,23,5,136,18,62,159,167,79,
22,26,2,8,0,221,18,68,116,49,124,
22,27,3,6,0,136,164,68,128,167,79,
22,28,4,-45,0,136,103,68,91,167,79,
22,29,1,42,17,180,15,22,119,167,79,
22,30,2,40,16,136,136,68,128,118,79,
22,31,3,9,0,155,47,42,91,115,79,
22,32,4,4,0,136,136,68,128,118,79,
22,33,1,58,33,136,70,86,128,167,69,
22,34,2,34,11,221,47,62,128,167,103,
22,35,3,33,10,155,47,42,91,115,79,
22,36,4,15,2,136,103,42,91,167,103,
22,37,1,57,32,136,103,42,91,167,79,
22,38,2,42,17,136,136,68,128,118,79,
22,39,3,39,15,136,103,68,91,167,79,
22,40,4,33,10,221,18,42,91,74,10,
23,1,1,54,29,136,18,86,128,167,79,
23,2,2,52,27,221,18,98,178,49,103,
23,3,3,32,10,221,18,98,178,49,103,
23,4,4,32,10,180,70,105,128,167,79,
23,5,1,70,49,180,70,62,128,167,103,
23,6,2,60,36,180,70,83,128,167,79,
23,7,3,57,32,136,103,62,128,167,103,
23,8,4,40,16,136,103,62,128,167,103,
23,9,1,32,10,221,47,62,128,167,103,
23,10,2,27,7,180,70,105,128,167,79,
23,11,3,6,0,180,103,105,128,167,79,
23,12,4,5,0,180,70,98,128,167,10,
23,13,1,48,23,136,70,105,91,167,79,
23,14,2,28,7,180,70,98,128,167,10,
23,15,3,18,3,136,103,62,128,167,103,
23,16,4,13,1,136,70,86,128,167,69,
23,17,1,64,40,136,103,62,128,167,103,
23,18,2,53,28,180,18,62,128,117,79,
23,19,3,37,13,136,103,62,128,167,103,
23,20,4,29,8,103,103,82,91,167,79,
23,21,1,73,53,180,70,105,128,49,10,
23,22,2,62,38,136,103,42,91,167,66,
23,23,3,14,1,136,18,62,91,167,79,
23,24,4,14,1,70,70,105,128,49,10,
23,25,1,60,36,136,103,42,91,167,66,
23,26,2,55,30,180,70,105,128,167,79,
23,27,3,55,30,136,103,62,128,167,103,
23,28,4,22,4,103,103,82,91,167,79,
23,29,1,55,30,136,103,62,91,167,103,
23,30,2,20,4,125,47,62,116,167,79,
23,31,3,17,2,221,18,68,116,49,124,
23,32,4,16,2,180,58,42,91,146,10,
23,33,1,40,16,180,70,83,128,167,79,
23,34,2,38,14,136,55,62,116,49,124,
23,35,3,31,9,136,103,68,128,49,10,
23,36,4,18,3,136,70,86,128,167,69,
23,37,1,27,7,180,70,105,128,167,79,
23,38,2,18,3,180,70,98,128,167,10,
23,39,3,16,2,221,47,62,116,167,48,
23,40,4,7,0,221,18,68,116,49,124,
24,1,1,70,49,136,18,62,128,141,144,
24,2,2,61,37,136,47,62,128,49,79,
24,3,3,43,18,136,18,62,159,167,79,
24,4,4,28,7,180,70,62,128,167,103,
24,5,1,57,32,136,18,62,128,141,144,
24,6,2,54,29,136,103,62,128,167,10,
24,7,3,43,18,136,18,68,128,167,79,
24,8,4,28,7,136,103,105,91,49,66,
24,9,1,59,34,180,70,22,119,167,79,
24,10,2,57,32,136,18,62,128,167,79,
24,11,3,57,32,180,70,83,128,167,79,
24,12,4,-23,0,136,18,86,128,167,12,
24,13,1,89,79,180,47,83,116,167,79,
24,14,2,26,6,180,18,62,119,167,79,
24,15,3,21,4,136,103,105,91,49,66,
24,16,4,9,0,180,70,62,159,49,79,
24,17,1,38,14,136,18,68,128,167,79,
24,18,2,33,10,129,70,105,128,49,79,
24,19,3,30,9,136,103,68,172,167,10,
24,20,4,25,6,180,47,68,128,49,10,
24,21,1,66,43,180,70,22,119,167,79,
24,22,2,55,30,180,70,62,128,167,103,
24,23,3,32,10,136,18,68,128,167,79,
24,24,4,20,4,136,18,62,128,167,79,
24,25,1,44,19,180,18,62,119,167,79,
24,26,2,32,10,180,47,68,128,49,10,
24,27,3,32,10,136,103,68,172,167,10,
24,28,4,8,0,180,70,62,159,49,79,
24,29,1,65,42,180,47,62,128,167,103,
24,30,2,49,24,136,103,42,91,167,103,
24,31,3,39,15,136,103,105,91,49,66,
24,32,4,39,15,136,103,42,91,167,103,
24,33,1,43,18,180,47,68,128,49,10,
24,34,2,35,12,136,18,62,116,49,103,
24,35,3,35,12,180,70,83,128,167,79,
24,36,4,-1,0,136,18,62,116,49,124,
24,37,1,66,43,136,18,62,128,117,103,
24,38,2,57,32,136,18,62,159,167,79,
24,39,3,44,19,221,47,68,128,167,124,
24,40,4,40,16,136,103,105,91,49,66,
25,1,1,86,73,136,18,62,116,117,103,
25,2,2,61,37,136,47,62,116,167,79,
25,3,3,59,34,180,70,105,128,49,10,
25,4,4,46,21,136,103,68,128,167,10,
25,5,1,43,18,136,18,62,128,117,79,
25,6,2,22,4,136,47,62,159,167,79,
25,7,3,10,1,180,47,62,116,167,79,
25,8,4,1,0,180,18,62,128,117,79,
25,9,1,52,27,180,47,105,128,49,10,
25,10,2,49,24,180,70,83,116,167,79,
25,11,3,38,14,180,70,105,128,49,79,
25,12,4,-36,0,180,70,105,128,49,79,
25,13,1,52,27,136,18,62,128,117,103,
25,14,2,48,23,180,47,62,128,167,79,
25,15,3,40,16,136,70,62,91,49,79,
25,16,4,23,5,136,103,42,91,49,66,
25,17,1,76,57,136,18,62,128,117,79,
25,18,2,61,37,180,47,62,128,167,79,
25,19,3,30,9,180,70,105,128,49,79,
25,20,4,11,1,136,70,68,128,49,10,
25,21,1,74,54,180,70,105,128,167,10,
25,22,2,47,22,136,18,62,128,117,79,
25,23,3,32,10,136,70,68,128,49,10,
25,24,4,17,2,75,103,62,119,167,10,
25,25,1,55,30,136,18,62,128,117,103,
25,26,2,48,23,136,103,62,128,167,79,
25,27,3,46,21,103,18,82,91,117,79,
25,28,4,34,11,180,70,22,119,167,79,
25,29,1,45,20,180,47,62,116,167,79,
25,30,2,39,15,103,18,82,91,117,79,
25,31,3,35,12,136,103,62,128,167,79,
25,32,4,2,0,136,18,62,116,101,79,
25,33,1,29,8,136,47,68,91,148,124,
25,34,2,26,6,221,47,134,128,49,124,
25,35,3,23,5,180,18,62,128,117,79,
25,36,4,1,0,180,47,62,116,167,79,
25,37,1,45,20,180,70,105,128,49,79,
25,38,2,42,17,136,18,105,128,117,79,
25,39,3,40,16,75,103,62,119,167,10,
25,40,4,36,12,180,70,105,128,167,10,
26,1,1,81,65,136,18,62,116,117,103,
26,2,2,55,30,136,18,105,128,167,10,
26,3,3,50,25,149,47,105,128,49,10,
26,4,4,33,10,136,18,62,116,117,103,
26,5,1,20,4,180,70,83,128,167,79,
26,6,2,-12,0,136,18,62,116,117,103,
26,7,3,-18,0,136,103,62,91,167,103,
26,8,4,-45,0,180,47,62,128,49,41,
26,9,1,46,21,180,47,62,116,167,79,
26,10,2,34,11,136,18,83,128,167,103,
26,11,3,31,9,138,70,83,128,167,79,
26,12,4,26,6,180,18,105,128,117,103,
26,13,1,41,16,180,70,68,128,167,79,
26,14,2,39,15,221,47,68,128,167,124,
26,15,3,37,13,180,70,105,128,167,10,
26,16,4,36,12,136,70,62,159,167,79,
26,17,1,24,5,180,47,62,128,49,41,
26,18,2,23,5,180,18,105,128,117,103,
26,19,3,20,4,136,18,62,116,117,103,
26,20,4,0,0,180,70,83,128,167,103,
26,21,1,83,68,136,18,62,116,117,79,
26,22,2,52,27,180,70,50,53,167,79,
26,23,3,-20,0,136,70,62,159,167,79,
26,24,4,-39,0,136,103,62,91,167,103,
26,25,1,41,16,180,47,62,116,167,79,
26,26,2,22,4,180,70,105,128,167,10,
26,27,3,21,4,221,47,68,116,167,124,
26,28,4,-18,0,136,103,62,91,167,103,
26,29,1,50,25,221,18,68,128,49,103,
26,30,2,43,18,180,70,83,128,167,79,
26,31,3,36,12,180,70,68,172,167,103,
26,32,4,31,9,180,70,105,128,49,79,
26,33,1,51,26,136,18,83,128,167,103,
26,34,2,51,26,180,18,83,116,117,103,
26,35,3,46,21,180,47,62,116,167,79,
26,36,4,31,9,136,47,62,116,167,103,
26,37,1,62,38,136,70,62,159,167,79,
26,38,2,39,15,136,70,105,91,49,79,
26,39,3,23,5,221,18,68,128,49,103,
26,40,4,11,1,180,70,68,128,167,79,
27,1,1,53,28,22,70,62,128,117,79,
27,2,2,50,25,180,70,83,116,167,53,
27,3,3,50,25,221,70,22,119,167,124,
27,4,4,42,17,180,70,105,128,49,79,
27,5,1,59,34,63,70,83,116,117,79,
27,6,2,50,25,103,18,180,91,117,79,
27,7,3,24,5,180,70,105,128,167,10,
27,8,4,-4,0,136,18,58,128,98,10,
27,9,1,65,42,180,70,83,128,167,10,
27,10,2,51,26,180,72,22,128,167,103,
27,11,3,51,26,136,18,58,128,98,10,
27,12,4,-12,0,103,18,82,128,117,79,
27,13,1,36,12,149,47,105,116,49,79,
27,14,2,25,6,136,70,62,45,49,79,
27,15,3,21,4,221,18,134,116,117,124,
27,16,4,19,3,136,18,105,128,160,79,
27,17,1,15,2,103,18,82,91,49,79,
27,18,2,14,1,221,18,105,128,167,10,
27,19,3,-45,0,103,18,82,91,117,124,
27,20,4,-48,0,180,39,105,239,117,103,
27,21,1,58,33,136,18,62,116,117,103,
27,22,2,41,16,103,18,82,91,49,79,
27,23,3,33,10,149,47,105,116,49,79,
27,24,4,18,3,180,70,83,128,167,10,
27,25,1,56,31,180,39,105,239,117,103,
27,26,2,51,26,103,18,82,91,117,124,
27,27,3,41,16,63,70,83,116,117,79,
27,28,4,15,2,136,70,62,45,49,79,
27,29,1,74,54,180,70,105,128,167,10,
27,30,2,42,17,180,47,62,116,167,79,
27,31,3,40,16,103,18,82,91,49,79,
27,32,4,39,15,149,70,105,128,49,79,
27,33,1,49,24,180,70,62,82,167,10,
27,34,2,39,15,103,18,180,91,117,79,
27,35,3,33,10,221,18,134,116,117,124,
27,36,4,-22,0,22,70,62,128,117,79,
27,37,1,71,50,180,70,4,128,49,103,
27,38,2,58,33,180,70,105,128,167,10,
27,39,3,35,12,180,70,105,128,167,10,
27,40,4,-63,0,22,70,62,128,117,79,
28,1,1,47,22,180,56,83,128,167,28,
28,2,2,36,12,180,70,62,82,18,10,
28,3,3,32,10,136,18,62,116,117,79,
28,4,4,24,5,221,18,68,128,167,124,
28,5,1,53,28,63,70,83,128,117,114,
28,6,2,44,19,112,18,68,128,49,103,
28,7,3,43,18,149,70,105,128,167,79,
28,8,4,30,9,180,70,83,116,49,79,
28,9,1,36,12,180,18,59,91,167,79,
28,10,2,28,7,180,70,105,91,49,10,
28,11,3,27,7,180,70,68,119,167,103,
28,12,4,21,4,149,47,105,116,49,79,
28,13,1,56,31,180,70,50,128,167,79,
28,14,2,39,15,180,18,50,128,167,103,
28,15,3,32,10,221,18,68,128,167,124,
28,16,4,32,10,63,72,83,128,117,79,
28,17,1,63,39,180,70,105,116,38,79,
28,18,2,36,12,136,18,62,116,117,79,
28,19,3,30,9,136,18,83,128,167,102,
28,20,4,26,6,112,18,68,128,49,103,
28,21,1,41,16,136,18,62,116,117,79,
28,22,2,37,13,180,18,132,119,167,103,
28,23,3,28,7,180,18,50,128,167,103,
28,24,4,9,0,180,70,50,128,167,79,
28,25,1,38,14,136,18,62,116,71,79,
28,26,2,35,12,136,18,83,128,167,103,
28,27,3,14,1,221,18,68,128,167,124,
28,28,4,10,1,-16,70,83,128,117,10,
28,29,1,48,23,180,70,105,116,38,79,
28,30,2,41,16,136,18,62,116,117,79,
28,31,3,21,4,-16,70,83,128,117,10,
28,32,4,12,1,136,18,62,128,117,79,
28,33,1,57,32,180,18,83,116,117,103,
28,34,2,53,28,180,70,62,82,18,10,
28,35,3,51,26,180,70,83,116,49,79,
28,36,4,41,16,180,70,68,119,167,103,
28,37,1,49,24,22,70,62,128,117,79,
28,38,2,31,9,63,72,83,128,117,79,
28,39,3,16,2,63,70,83,128,117,114,
28,40,4,-4,0,180,18,59,91,167,79,
29,1,1,61,37,180,47,62,128,117,79,
29,2,2,59,34,180,70,62,82,49,164,
29,3,3,44,19,180,18,50,128,167,103,
29,4,4,35,12,180,70,83,116,117,103,
29,5,1,57,32,221,56,134,116,167,124,
29,6,2,33,10,180,47,83,128,167,114,
29,7,3,28,7,136,70,50,116,117,79,
29,8,4,8,0,180,70,104,128,167,10,
29,9,1,76,57,136,18,62,116,117,103,
29,10,2,50,25,180,70,105,128,167,28,
29,11,3,41,16,180,47,62,119,167,103,
29,12,4,23,5,180,70,83,128,49,103,
29,13,1,41,16,180,56,83,128,117,114,
29,14,2,34,11,221,56,134,116,167,124,
29,15,3,-1,0,180,70,4,116,49,103,
29,16,4,-40,0,180,70,180,116,117,79,
29,17,1,69,47,180,70,105,116,167,10,
29,18,2,61,37,221,56,134,116,167,124,
29,19,3,49,24,180,70,4,116,49,103,
29,20,4,39,15,180,70,83,128,49,79,
29,21,1,53,28,180,70,105,116,167,10,
29,22,2,45,20,180,70,83,128,49,103,
29,23,3,38,14,180,70,50,128,167,79,
29,24,4,24,5,180,70,132,128,167,103,
29,25,1,57,32,149,70,4,128,167,103,
29,26,2,52,27,136,18,62,116,117,103,
29,27,3,24,5,180,70,104,128,167,10,
29,28,4,4,0,180,70,4,128,49,103,
29,29,1,41,16,180,18,62,91,117,79,
29,30,2,30,9,41,18,4,128,49,103,
29,31,3,17,2,136,18,62,116,117,79,
29,32,4,-27,0,136,18,62,116,71,79,
29,33,1,50,25,180,70,4,128,49,103,
29,34,2,19,3,180,56,83,128,167,79,
29,35,3,17,2,180,56,83,128,167,79,
29,36,4,-5,0,112,18,68,128,49,10,
29,37,1,68,46,149,70,4,128,167,103,
29,38,2,62,38,180,70,83,128,49,103,
29,39,3,51,26,180,56,105,128,167,28,
29,40,4,43,18,180,70,105,128,167,28,
30,1,1,84,70,180,70,105,128,167,28,
30,2,2,61,37,86,70,62,116,117,103,
30,3,3,57,32,180,70,83,116,49,79,
30,4,4,54,29,180,70,83,116,49,79,
30,5,1,40,16,180,47,62,128,117,79,
30,6,2,35,12,180,18,83,119,117,103,
30,7,3,27,7,180,47,62,119,38,79,
30,8,4,-36,0,221,56,90,116,167,124,
30,9,1,76,57,180,70,105,128,167,28,
30,10,2,65,42,221,56,90,116,167,124,
30,11,3,56,31,63,70,83,128,117,79,
30,12,4,50,25,180,70,68,119,167,28,
30,13,1,66,43,180,70,83,128,49,79,
30,14,2,57,32,180,70,134,128,167,124,
30,15,3,42,17,180,70,183,119,49,79,
30,16,4,30,9,63,72,50,128,117,79,
30,17,1,58,33,180,70,105,128,117,79,
30,18,2,57,32,180,72,83,128,167,10,
30,19,3,38,14,180,70,105,128,167,28,
30,20,4,30,9,180,18,105,116,167,10,
30,21,1,28,7,180,70,83,128,49,79,
30,22,2,20,4,180,18,62,119,117,103,
30,23,3,-5,0,180,70,83,116,167,79,
30,24,4,-69,0,180,70,62,116,18,79,
30,25,1,60,36,180,47,62,128,117,79,
30,26,2,40,16,63,72,50,128,117,79,
30,27,3,12,1,86,70,62,116,117,103,
30,28,4,-91,0,180,56,105,16,167,28,
30,29,1,22,4,93,70,105,116,167,10,
30,30,2,19,3,180,47,62,128,117,79,
30,31,3,11,1,180,18,62,116,117,103,
30,32,4,-52,0,180,70,105,128,117,79,
30,33,1,35,12,180,47,62,128,117,79,
30,34,2,30,9,22,70,50,128,117,79,
30,35,3,-1,0,221,56,90,116,167,124,
30,36,4,-2,0,180,70,83,128,49,79,
30,37,1,28,7,180,47,62,119,38,79,
30,38,2,3,0,63,70,83,128,117,79,
30,39,3,-7,0,63,72,50,128,117,79,
30,40,4,-107,0,180,56,105,16,167,28,
