1,1,1,89,79,81,74,78,127,4,123,
1,2,2,21,4,77,156,81,139,90,22,
1,3,3,15,2,176,93,145,128,71,70,
1,4,4,-5,0,151,142,94,128,123,143,
1,5,1,86,73,108,82,68,89,56,124,
1,6,2,57,32,125,152,0,162,92,72,
1,7,3,15,2,62,120,79,127,142,109,
1,8,4,-4,0,-18,132,49,140,86,186,
1,9,1,72,51,98,81,152,133,158,36,
1,10,2,56,31,89,19,77,132,100,182,
1,11,3,12,1,49,158,97,84,184,98,
1,12,4,-9,0,18,87,114,66,72,172,
1,13,1,77,59,84,78,135,55,71,135,
1,14,2,69,47,79,49,180,166,168,128,
1,15,3,37,13,62,61,158,100,32,17,
1,16,4,21,4,35,70,127,41,140,113,
1,17,1,113,127,169,67,107,144,146,67,
1,18,2,82,67,211,120,73,37,137,155,
1,19,3,82,67,15,123,98,30,143,132,
1,20,4,66,43,121,77,89,74,59,48,
1,21,1,114,129,139,48,89,10,101,132,
1,22,2,76,57,130,139,118,115,155,187,
1,23,3,17,2,16,60,94,109,148,49,
1,24,4,15,2,102,135,206,56,79,54,
1,25,1,111,123,155,151,62,143,91,196,
1,26,2,84,70,-1,74,155,76,129,172,
1,27,3,53,28,153,190,132,91,2,127,
1,28,4,38,14,53,129,166,46,26,112,
1,29,1,114,129,81,85,135,127,48,106,
1,30,2,86,73,97,123,118,136,39,45,
1,31,3,55,30,74,62,156,129,121,124,
1,32,4,43,18,77,138,165,65,66,94,
1,33,1,59,34,93,84,147,114,60,-9,
1,34,2,8,0,74,37,68,56,149,109,
1,35,3,-5,0,93,176,80,179,64,72,
1,36,4,-33,0,146,75,65,81,84,215,
1,37,1,62,38,152,108,98,134,92,174,
1,38,2,16,2,114,114,90,78,143,94,
1,39,3,13,1,130,51,125,136,88,89,
1,40,4,9,0,55,119,15,-3,156,172,
2,1,1,76,57,142,75,136,166,149,217,
2,2,2,65,42,91,115,61,99,27,93,
2,3,3,64,40,124,179,120,82,149,72,
2,4,4,39,15,97,169,92,68,104,55,
2,5,1,44,19,94,0,87,44,101,250,
2,6,2,34,11,35,129,86,118,16,92,
2,7,3,-30,0,90,141,40,132,131,90,
2,8,4,-51,0,53,129,76,165,74,99,
2,9,1,59,34,107,81,45,182,43,14,
2,10,2,34,11,43,51,117,156,95,117,
2,11,3,28,7,175,42,9,84,82,90,
2,12,4,-9,0,50,26,114,149,109,124,
2,13,1,116,134,119,4,103,167,68,61,
2,14,2,85,72,69,64,92,84,123,52,
2,15,3,61,37,182,125,158,79,93,108,
2,16,4,37,13,125,85,199,46,55,133,
2,17,1,55,30,41,76,96,59,66,56,
2,18,2,-37,0,104,49,64,101,62,29,
2,19,3,-41,0,183,141,40,54,90,145,
2,20,4,-48,0,-24,80,39,134,16,213,
2,21,1,68,46,127,-18,75,100,109,59,
2,22,2,54,29,32,36,93,177,126,67,
2,23,3,47,22,128,29,97,122,90,103,
2,24,4,32,10,118,120,103,103,154,85,
2,25,1,108,116,166,113,172,148,169,152,
2,26,2,83,68,138,83,108,64,187,116,
2,27,3,71,50,143,70,39,79,16,-65,
2,28,4,25,6,143,110,206,27,84,179,
2,29,1,103,106,48,139,91,79,118,154,
2,30,2,65,42,124,49,216,91,16,17,
2,31,3,55,30,161,141,187,39,35,69,
2,32,4,14,1,-12,-18,72,156,49,132,
2,33,1,50,25,114,100,87,124,121,67,
2,34,2,33,10,90,81,20,92,134,102,
2,35,3,17,2,71,47,105,207,175,152,
2,36,4,16,2,171,22,41,128,126,64,
2,37,1,93,86,103,152,140,86,91,62,
2,38,2,87,75,62,30,101,192,136,201,
2,39,3,61,37,43,113,184,104,111,98,
2,40,4,32,10,120,1,152,107,152,82,
3,1,1,163,265,67,76,99,40,85,8,
3,2,2,93,86,54,75,-8,132,51,152,
3,3,3,81,65,135,85,77,71,111,45,
3,4,4,48,23,134,196,168,131,89,87,
3,5,1,83,68,136,100,119,95,33,181,
3,6,2,78,60,167,50,164,53,134,154,
3,7,3,69,47,129,64,71,105,81,52,
3,8,4,-6,0,-6,165,185,4,138,132,
3,9,1,71,50,66,120,59,72,130,123,
3,10,2,63,39,122,110,27,133,118,87,
3,11,3,38,14,105,50,172,99,107,67,
3,12,4,31,9,163,135,52,40,103,115,
3,13,1,103,106,86,114,141,124,84,124,
3,14,2,85,72,118,109,103,178,140,70,
3,15,3,80,64,86,207,-10,174,87,53,
3,16,4,65,42,24,66,82,21,113,136,
3,17,1,88,77,72,92,7,57,135,87,
3,18,2,83,68,99,135,79,61,72,129,
3,19,3,80,64,121,82,174,96,209,135,
3,20,4,76,57,65,166,44,55,97,213,
3,21,1,116,134,138,21,59,103,142,97,
3,22,2,113,127,149,64,132,72,87,75,
3,23,3,15,2,139,62,187,35,12,141,
3,24,4,-35,0,39,97,21,128,25,50,
3,25,1,93,86,110,38,156,90,80,162,
3,26,2,78,60,205,102,95,79,124,55,
3,27,3,61,37,20,99,197,111,49,171,
3,28,4,42,17,24,118,127,102,39,127,
3,29,1,106,112,109,28,100,56,155,117,
3,30,2,60,36,99,202,56,156,124,68,
3,31,3,49,24,139,152,124,65,148,31,
3,32,4,30,9,-21,204,134,64,119,156,
3,33,1,52,27,124,14,90,165,161,47,
3,34,2,40,16,62,86,145,142,107,31,
3,35,3,8,0,71,43,100,71,112,58,
3,36,4,-61,0,116,-64,157,65,120,57,
3,37,1,98,96,77,89,164,28,74,93,
3,38,2,95,90,103,53,78,36,72,71,
3,39,3,57,32,140,160,58,68,143,82,
3,40,4,54,29,102,55,92,165,125,5,
4,1,1,82,67,59,57,76,202,25,135,
4,2,2,46,21,18,155,73,141,94,76,
4,3,3,27,7,134,107,99,172,84,84,
4,4,4,15,2,181,96,29,46,116,141,
4,5,1,95,90,41,160,49,68,193,155,
4,6,2,80,64,144,210,104,68,83,46,
4,7,3,23,5,45,168,85,172,73,140,
4,8,4,-23,0,-38,34,24,59,48,172,
4,9,1,65,42,78,161,10,87,153,97,
4,10,2,63,39,95,82,150,90,32,111,
4,11,3,21,4,75,124,195,154,127,111,
4,12,4,7,0,97,137,18,0,85,190,
4,13,1,148,219,113,85,109,119,83,77,
4,14,2,34,11,85,55,126,33,146,132,
4,15,3,23,5,99,98,53,201,59,153,
4,16,4,-37,0,70,180,70,39,44,2,
4,17,1,48,23,38,34,130,115,119,139,
4,18,2,19,3,70,138,87,19,195,159,
4,19,3,-1,0,105,124,96,137,100,117,
4,20,4,-5,0,11,139,65,116,146,80,
4,21,1,47,22,129,81,271,89,95,59,
4,22,2,43,18,91,152,92,73,101,61,
4,23,3,13,1,30,-6,44,197,60,36,
4,24,4,-2,0,86,134,82,125,94,168,
4,25,1,28,7,99,36,107,132,193,62,
4,26,2,11,1,-3,160,34,139,132,83,
4,27,3,7,0,95,51,151,196,120,99,
4,28,4,-35,0,116,101,158,133,112,77,
4,29,1,44,19,60,84,81,154,52,95,
4,30,2,38,14,61,-1,81,135,109,76,
4,31,3,14,1,107,171,168,87,67,128,
4,32,4,6,0,170,130,77,89,101,135,
4,33,1,161,259,64,166,35,129,88,41,
4,34,2,65,42,202,82,189,115,112,138,
4,35,3,51,26,142,132,58,208,106,150,
4,36,4,17,2,39,135,101,38,165,85,
4,37,1,95,90,176,57,55,93,47,19,
4,38,2,54,29,210,50,81,70,100,129,
4,39,3,50,25,78,26,114,200,57,156,
4,40,4,27,7,147,107,101,18,142,120,
5,1,1,98,96,71,122,70,60,152,155,
5,2,2,38,14,26,115,51,66,80,75,
5,3,3,31,9,85,9,60,149,17,40,
5,4,4,-8,0,37,-11,86,119,62,86,
5,5,1,60,36,100,98,98,166,111,119,
5,6,2,43,18,69,90,126,19,-19,100,
5,7,3,36,12,126,145,75,150,162,98,
5,8,4,25,6,151,121,117,56,-40,129,
5,9,1,31,9,138,6,137,107,75,16,
5,10,2,16,2,107,102,21,120,33,76,
5,11,3,13,1,39,79,63,39,88,45,
5,12,4,-23,0,73,193,81,201,92,-66,
5,13,1,104,108,153,151,110,59,42,28,
5,14,2,91,82,122,37,39,78,20,160,
5,15,3,67,44,69,183,100,21,33,150,
5,16,4,46,21,163,67,301,34,190,66,
5,17,1,56,31,109,-22,102,49,142,149,
5,18,2,40,16,126,111,126,38,33,111,
5,19,3,12,1,159,189,62,158,145,81,
5,20,4,5,0,70,74,18,102,41,101,
5,21,1,62,38,95,86,166,108,74,108,
5,22,2,41,16,164,116,120,79,104,104,
5,23,3,18,3,146,168,50,81,106,131,
5,24,4,-29,0,68,39,82,138,102,168,
5,25,1,60,36,57,129,78,84,140,79,
5,26,2,57,32,202,168,80,64,57,116,
5,27,3,42,17,35,48,46,75,87,73,
5,28,4,7,0,102,76,125,195,143,136,
5,29,1,92,84,149,136,123,116,103,68,
5,30,2,84,70,173,193,87,78,224,122,
5,31,3,81,65,45,71,82,122,26,162,
5,32,4,58,33,105,88,82,114,45,66,
5,33,1,113,127,68,137,119,55,77,86,
5,34,2,64,40,98,25,75,131,91,188,
5,35,3,54,29,-15,81,204,69,84,97,
5,36,4,53,28,136,61,71,164,69,123,
5,37,1,47,22,171,58,122,76,174,65,
5,38,2,10,1,107,99,122,23,98,169,
5,39,3,-2,0,63,105,63,148,64,116,
5,40,4,-72,0,39,72,-2,170,86,38,
6,1,1,125,156,147,122,111,61,159,104,
6,2,2,94,88,97,24,75,72,45,147,
6,3,3,83,68,82,99,163,71,109,72,
6,4,4,46,21,135,124,42,117,50,50,
6,5,1,75,56,87,60,168,89,56,132,
6,6,2,73,53,205,103,93,107,204,137,
6,7,3,46,21,97,66,93,91,-5,142,
6,8,4,22,4,130,125,122,94,113,116,
6,9,1,72,51,96,87,33,60,49,170,
6,10,2,64,40,55,173,74,119,107,65,
6,11,3,36,12,169,94,132,69,126,34,
6,12,4,33,10,159,92,84,124,72,128,
6,13,1,100,100,122,55,72,79,111,127,
6,14,2,59,34,108,60,165,67,90,176,
6,15,3,45,20,77,134,52,41,57,26,
6,16,4,-2,0,27,63,188,18,137,151,
6,17,1,135,182,155,176,96,108,157,108,
6,18,2,87,75,108,112,185,100,81,88,
6,19,3,81,65,200,77,93,86,31,42,
6,20,4,45,20,87,108,158,112,125,88,
6,21,1,67,44,148,110,48,117,28,98,
6,22,2,51,26,81,98,85,80,64,140,
6,23,3,42,17,59,61,94,111,70,35,
6,24,4,29,8,168,96,19,185,111,47,
6,25,1,91,82,199,92,106,139,140,132,
6,26,2,86,73,57,172,89,139,147,136,
6,27,3,65,42,94,59,98,77,54,11,
6,28,4,37,13,114,133,164,145,60,96,
6,29,1,114,129,94,109,99,37,132,73,
6,30,2,107,114,99,174,6,66,101,52,
6,31,3,39,15,71,99,128,160,120,129,
6,32,4,14,1,84,176,111,39,54,117,
6,33,1,99,98,-1,115,94,60,149,1,
6,34,2,91,82,151,122,138,118,24,156,
6,35,3,64,40,76,107,124,57,95,101,
6,36,4,41,16,140,127,201,169,129,156,
6,37,1,23,5,54,127,111,63,201,94,
6,38,2,20,4,233,60,3,83,98,40,
6,39,3,9,0,99,127,127,161,172,134,
6,40,4,-45,0,-19,129,82,30,52,139,
7,1,1,80,64,91,116,30,87,102,37,
7,2,2,60,36,122,43,136,207,67,142,
7,3,3,42,17,150,117,211,61,17,107,
7,4,4,38,14,49,62,90,42,157,49,
7,5,1,124,153,167,37,69,85,96,96,
7,6,2,36,12,82,165,-54,89,93,49,
7,7,3,11,1,149,64,21,136,90,150,
7,8,4,-2,0,125,155,113,162,118,168,
7,9,1,94,88,63,131,89,136,41,111,
7,10,2,50,25,95,223,40,151,80,129,
7,11,3,37,13,135,150,68,169,86,154,
7,12,4,34,11,103,142,61,-6,121,130,
7,13,1,146,213,117,127,57,100,96,138,
7,14,2,70,49,115,113,49,77,133,41,
7,15,3,69,47,75,132,77,74,98,106,
7,16,4,40,16,110,68,86,-17,109,83,
7,17,1,71,50,125,79,129,10,106,74,
7,18,2,69,47,30,167,26,101,131,163,
7,19,3,47,22,117,111,176,139,139,143,
7,20,4,47,22,61,56,154,102,67,142,
7,21,1,68,46,145,116,96,247,55,128,
7,22,2,54,29,164,16,36,186,43,98,
7,23,3,33,10,126,181,140,80,63,71,
7,24,4,-16,0,49,151,79,68,190,66,
7,25,1,107,114,122,74,100,98,53,159,
7,26,2,99,98,70,142,157,181,151,44,
7,27,3,71,50,110,68,133,34,119,78,
7,28,4,53,28,64,119,39,137,72,106,
7,29,1,98,96,164,81,109,109,69,66,
7,30,2,81,65,136,86,110,117,116,95,
7,31,3,50,25,45,162,82,162,84,94,
7,32,4,38,14,123,122,18,193,143,70,
7,33,1,91,82,113,40,128,39,125,48,
7,34,2,47,22,64,93,161,116,180,60,
7,35,3,39,15,90,124,156,68,70,152,
7,36,4,17,2,156,74,123,51,96,-7,
7,37,1,80,64,64,77,55,107,70,124,
7,38,2,56,31,140,65,65,96,101,141,
7,39,3,47,22,15,115,88,117,96,139,
7,40,4,39,15,95,109,119,78,93,31,
8,1,1,83,68,56,190,103,87,83,99,
8,2,2,62,38,99,11,128,142,99,134,
8,3,3,59,34,56,11,85,58,93,236,
8,4,4,9,0,16,122,176,102,56,107,
8,5,1,61,37,113,102,57,64,18,78,
8,6,2,54,29,175,114,-13,1,139,135,
8,7,3,52,27,17,86,126,55,177,109,
8,8,4,29,8,65,49,217,43,130,155,
8,9,1,102,104,102,125,115,58,104,67,
8,10,2,101,102,125,99,66,90,105,136,
8,11,3,76,57,85,113,63,113,26,69,
8,12,4,51,26,23,103,0,75,21,82,
8,13,1,121,146,56,33,63,129,116,139,
8,14,2,52,27,143,138,160,127,135,42,
8,15,3,33,10,60,129,191,10,159,99,
8,16,4,-5,0,171,177,16,58,51,170,
8,17,1,60,36,133,38,89,116,91,97,
8,18,2,39,15,224,53,202,98,122,144,
8,19,3,4,0,104,109,39,207,5,92,
8,20,4,3,0,94,106,91,105,145,108,
8,21,1,57,32,28,164,46,137,66,92,
8,22,2,48,23,71,106,12,77,48,89,
8,23,3,34,11,58,121,139,92,120,113,
8,24,4,14,1,134,161,64,76,102,158,
8,25,1,89,79,33,28,86,-24,90,93,
8,26,2,73,53,30,31,124,66,119,123,
8,27,3,66,43,66,69,29,78,156,20,
8,28,4,22,4,113,198,100,145,61,101,
8,29,1,61,37,116,36,111,113,0,155,
8,30,2,52,27,67,89,95,96,55,98,
8,31,3,33,10,208,119,159,128,214,11,
8,32,4,20,4,43,100,118,122,73,91,
8,33,1,67,44,98,58,119,107,221,71,
8,34,2,34,11,123,83,136,121,153,58,
8,35,3,27,7,83,81,117,235,54,63,
8,36,4,20,4,9,94,44,144,23,88,
8,37,1,85,72,197,143,79,173,121,134,
8,38,2,57,32,142,52,153,78,74,72,
8,39,3,41,16,156,125,238,99,63,62,
8,40,4,32,10,55,53,136,103,129,175,
9,1,1,82,67,143,175,127,50,137,109,
9,2,2,59,34,78,154,7,119,93,125,
9,3,3,38,14,108,122,104,26,80,98,
9,4,4,35,12,89,142,104,70,88,33,
9,5,1,65,42,100,120,91,95,139,93,
9,6,2,39,15,82,184,105,71,108,68,
9,7,3,29,8,0,150,61,120,101,117,
9,8,4,27,7,90,-65,17,0,35,176,
9,9,1,3,0,80,144,86,188,94,92,
9,10,2,-9,0,147,138,141,114,110,75,
9,11,3,-52,0,63,116,103,143,41,29,
9,12,4,-81,0,111,20,56,114,145,50,
9,13,1,63,39,105,163,91,121,185,63,
9,14,2,62,38,147,166,142,80,8,122,
9,15,3,55,30,33,165,139,197,101,74,
9,16,4,41,16,40,122,59,173,102,96,
9,17,1,78,60,59,55,132,105,139,110,
9,18,2,74,54,145,33,118,100,71,89,
9,19,3,45,20,21,144,97,39,194,83,
9,20,4,29,8,-7,169,99,147,-31,130,
9,21,1,63,39,100,36,50,47,126,126,
9,22,2,32,10,140,225,99,174,120,73,
9,23,3,-5,0,124,51,56,19,127,94,
9,24,4,-18,0,93,37,127,184,96,86,
9,25,1,130,169,168,48,47,176,134,168,
9,26,2,102,104,74,37,116,163,2,50,
9,27,3,82,67,109,69,153,32,108,77,
9,28,4,42,17,47,144,184,138,54,82,
9,29,1,56,31,197,83,69,74,29,13,
9,30,2,53,28,79,53,163,149,85,126,
9,31,3,50,25,135,79,119,164,45,160,
9,32,4,-33,0,81,157,0,91,147,156,
9,33,1,81,65,195,96,148,96,114,87,
9,34,2,49,24,51,86,93,82,98,38,
9,35,3,24,5,161,137,155,140,158,36,
9,36,4,10,1,209,50,136,44,44,101,
9,37,1,111,123,165,184,45,74,76,62,
9,38,2,53,28,117,14,138,129,104,132,
9,39,3,0,0,54,207,168,67,93,65,
9,40,4,-24,0,159,42,71,97,131,89,
10,1,1,63,39,28,173,24,95,104,128,
10,2,2,52,27,142,96,-34,82,100,151,
10,3,3,34,11,93,217,-55,120,125,30,
10,4,4,18,3,51,99,82,141,84,71,
10,5,1,101,102,72,104,185,45,94,68,
10,6,2,84,70,173,146,151,69,135,176,
10,7,3,59,34,56,34,92,157,132,144,
10,8,4,46,21,126,135,194,129,62,23,
10,9,1,99,98,66,81,146,82,91,186,
10,10,2,99,98,107,81,99,82,72,37,
10,11,3,49,24,148,83,92,103,162,64,
10,12,4,44,19,172,67,148,179,102,67,
10,13,1,61,37,177,192,95,152,128,117,
10,14,2,36,12,107,65,94,135,106,27,
10,15,3,29,8,17,21,138,160,116,78,
10,16,4,-24,0,127,64,66,76,95,50,
10,17,1,72,51,46,86,82,81,89,144,
10,18,2,45,20,72,132,137,223,55,66,
10,19,3,11,1,37,48,148,172,250,118,
10,20,4,-36,0,15,133,89,109,23,171,
10,21,1,83,68,101,63,112,63,50,116,
10,22,2,72,51,88,92,83,114,115,76,
10,23,3,53,28,69,91,118,111,64,87,
10,24,4,50,25,142,65,91,173,-58,95,
10,25,1,115,132,129,85,113,155,41,97,
10,26,2,82,67,187,192,50,152,40,190,
10,27,3,36,12,95,94,73,65,150,113,
10,28,4,20,4,81,179,213,45,68,86,
10,29,1,29,8,163,118,79,109,89,112,
10,30,2,22,4,100,67,99,90,122,13,
10,31,3,-6,0,68,101,-12,174,39,56,
10,32,4,-7,0,109,192,102,69,202,113,
10,33,1,71,50,111,41,107,55,12,164,
10,34,2,53,28,173,49,132,79,39,60,
10,35,3,40,16,82,27,115,164,0,63,
10,36,4,34,11,40,104,12,97,101,56,
10,37,1,135,182,129,78,210,73,162,132,
10,38,2,80,64,110,137,60,93,117,134,
10,39,3,35,12,119,112,126,64,111,159,
10,40,4,35,12,93,74,115,-58,100,106,
11,1,1,71,50,169,65,81,128,104,4,
11,2,2,53,28,156,79,80,162,11,36,
11,3,3,37,13,140,106,26,111,31,123,
11,4,4,-91,0,32,141,119,41,55,95,
11,5,1,85,72,83,85,99,117,16,160,
11,6,2,69,47,166,191,91,131,47,179,
11,7,3,25,6,59,115,71,48,93,183,
11,8,4,10,1,76,136,82,29,53,43,
11,9,1,100,100,120,92,71,155,99,98,
11,10,2,62,38,75,196,28,105,18,1,
11,11,3,3,0,138,109,39,93,-7,113,
11,12,4,2,0,66,93,70,89,92,120,
11,13,1,78,60,67,-3,143,11,155,44,
11,14,2,76,57,162,126,-55,125,119,226,
11,15,3,16,2,46,44,33,0,91,117,
11,16,4,10,1,79,69,104,146,144,75,
11,17,1,101,102,161,108,178,222,218,71,
11,18,2,54,29,90,114,114,184,35,107,
11,19,3,24,5,-48,195,80,88,116,-29,
11,20,4,18,3,109,75,146,-15,71,129,
11,21,1,84,70,114,39,124,57,53,130,
11,22,2,37,13,167,91,122,74,101,152,
11,23,3,25,6,95,49,256,50,65,163,
11,24,4,16,2,-2,43,84,99,140,107,
11,25,1,92,84,97,149,147,12,193,115,
11,26,2,87,75,55,76,89,59,186,148,
11,27,3,85,72,84,159,85,104,227,106,
11,28,4,8,0,50,27,144,-39,117,61,
11,29,1,146,213,116,51,54,49,266,135,
11,30,2,64,40,32,38,158,87,-5,111,
11,31,3,20,4,70,79,66,67,75,105,
11,32,4,-72,0,42,106,103,80,130,61,
11,33,1,157,246,39,102,115,53,92,103,
11,34,2,81,65,75,139,66,48,78,75,
11,35,3,79,62,176,174,50,135,63,112,
11,36,4,75,56,94,148,142,129,74,104,
11,37,1,74,54,124,58,127,118,119,95,
11,38,2,62,38,196,88,15,118,148,147,
11,39,3,51,26,110,-25,189,152,137,61,
11,40,4,33,10,70,85,112,200,43,126,
12,1,1,78,60,204,88,41,71,92,97,
12,2,2,70,49,126,146,159,168,19,175,
12,3,3,49,24,144,69,63,142,112,84,
12,4,4,39,15,112,93,101,46,42,140,
12,5,1,56,31,204,112,152,64,84,146,
12,6,2,12,1,52,59,63,137,118,39,
12,7,3,-35,0,31,74,52,175,62,165,
12,8,4,-60,0,48,121,15,95,74,122,
12,9,1,91,82,72,103,103,122,97,77,
12,10,2,50,25,148,114,122,115,100,76,
12,11,3,11,1,142,70,25,138,118,110,
12,12,4,-12,0,78,141,68,193,86,96,
12,13,1,62,38,143,-39,120,148,116,126,
12,14,2,55,30,104,33,54,60,16,108,
12,15,3,18,3,46,48,43,127,144,90,
12,16,4,-49,0,84,73,79,163,110,29,
12,17,1,74,54,63,86,30,143,85,125,
12,18,2,64,40,170,46,159,139,93,40,
12,19,3,37,13,195,79,78,153,58,17,
12,20,4,0,0,130,129,194,23,26,215,
12,21,1,66,43,159,96,100,101,86,111,
12,22,2,63,39,84,115,147,83,39,127,
12,23,3,50,25,162,107,39,122,117,150,
12,24,4,23,5,81,156,74,80,135,107,
12,25,1,71,50,34,12,150,146,140,101,
12,26,2,47,22,71,85,42,132,129,67,
12,27,3,25,6,47,94,14,60,-20,152,
12,28,4,0,0,145,158,136,76,147,115,
12,29,1,63,39,116,78,60,107,99,64,
12,30,2,59,34,26,105,46,117,177,109,
12,31,3,47,22,108,81,94,88,112,103,
12,32,4,41,16,50,50,150,96,80,65,
12,33,1,104,108,123,127,110,126,80,175,
12,34,2,102,104,79,80,141,109,96,144,
12,35,3,60,36,155,140,131,103,125,27,
12,36,4,51,26,19,63,182,48,114,127,
12,37,1,-1,0,157,100,125,165,84,36,
12,38,2,-1,0,52,15,133,126,120,75,
12,39,3,-32,0,123,41,110,170,62,70,
12,40,4,-42,0,144,94,48,143,88,-2,
13,1,1,48,23,42,104,166,90,48,113,
13,2,2,28,7,302,106,104,96,129,130,
13,3,3,17,2,75,23,118,137,127,41,
13,4,4,-7,0,105,130,146,113,80,127,
13,5,1,33,10,83,0,124,47,21,45,
13,6,2,29,8,44,38,157,158,128,32,
13,7,3,25,6,72,164,77,40,-11,137,
13,8,4,-15,0,42,180,89,121,47,133,
13,9,1,42,17,148,129,60,114,45,21,
13,10,2,42,17,150,45,130,146,123,73,
13,11,3,25,6,115,105,72,71,124,101,
13,12,4,12,1,115,199,99,124,50,127,
13,13,1,84,70,83,83,128,135,78,59,
13,14,2,79,62,184,98,147,93,131,101,
13,15,3,78,60,121,98,8,140,174,118,
13,16,4,-18,0,14,172,85,100,79,95,
13,17,1,116,134,187,94,133,106,56,87,
13,18,2,52,27,99,150,199,141,97,74,
13,19,3,35,12,84,107,68,39,119,21,
13,20,4,28,7,205,109,162,147,123,108,
13,21,1,93,86,152,115,81,151,77,62,
13,22,2,70,49,138,77,156,11,-34,87,
13,23,3,58,33,19,104,126,78,166,38,
13,24,4,56,31,117,129,125,94,89,114,
13,25,1,131,171,147,88,164,-7,161,114,
13,26,2,59,34,96,119,71,134,104,88,
13,27,3,45,20,69,174,-3,109,162,-14,
13,28,4,36,12,-5,57,68,98,32,60,
13,29,1,90,81,103,81,18,89,110,98,
13,30,2,79,62,69,32,137,166,21,98,
13,31,3,70,49,37,90,26,48,112,89,
13,32,4,8,0,105,180,137,103,94,103,
13,33,1,123,151,140,64,109,98,47,108,
13,34,2,108,116,129,115,155,77,55,54,
13,35,3,95,90,192,84,68,62,101,132,
13,36,4,56,31,90,99,10,228,80,126,
13,37,1,95,90,71,115,38,63,33,62,
13,38,2,55,30,88,74,44,55,130,105,
13,39,3,51,26,151,126,142,48,196,118,
13,40,4,34,11,133,41,85,-16,57,163,
14,1,1,98,96,33,46,61,22,39,130,
14,2,2,89,79,124,32,22,92,131,83,
14,3,3,63,39,177,101,149,120,162,140,
14,4,4,21,4,144,13,158,48,164,44,
14,5,1,114,129,52,139,91,34,14,57,
14,6,2,113,127,57,148,98,35,-10,51,
14,7,3,105,110,111,108,202,155,138,122,
14,8,4,82,67,107,78,155,73,20,86,
14,9,1,138,190,118,119,118,84,134,37,
14,10,2,39,15,66,163,48,213,155,93,
14,11,3,36,12,11,89,174,46,65,207,
14,12,4,16,2,57,67,129,163,105,125,
14,13,1,51,26,80,115,152,66,62,68,
14,14,2,40,16,117,22,166,114,119,16,
14,15,3,36,12,111,140,63,95,136,122,
14,16,4,24,5,90,103,129,147,113,130,
14,17,1,108,116,61,165,15,86,42,222,
14,18,2,72,51,90,99,104,85,128,41,
14,19,3,51,26,65,74,116,74,136,197,
14,20,4,3,0,35,114,67,59,184,138,
14,21,1,71,50,115,49,188,136,123,134,
14,22,2,48,23,93,61,157,42,91,137,
14,23,3,3,0,99,106,40,52,124,76,
14,24,4,-6,0,51,168,96,78,120,136,
14,25,1,88,77,148,177,115,80,156,127,
14,26,2,84,70,51,62,139,125,199,16,
14,27,3,75,56,45,135,102,90,160,148,
14,28,4,34,11,154,29,133,12,42,136,
14,29,1,71,50,147,118,32,83,78,171,
14,30,2,68,46,121,57,109,58,208,27,
14,31,3,58,33,112,164,105,161,98,99,
14,32,4,38,14,69,170,8,101,72,132,
14,33,1,97,94,121,47,48,141,-32,60,
14,34,2,70,49,162,145,55,146,108,68,
14,35,3,62,38,30,7,92,121,93,35,
14,36,4,37,13,55,127,179,33,141,153,
14,37,1,76,57,109,55,139,52,168,5,
14,38,2,52,27,148,133,150,207,117,105,
14,39,3,28,7,77,98,102,42,36,152,
14,40,4,-31,0,146,141,-19,99,172,25,
15,1,1,49,24,112,51,176,151,31,100,
15,2,2,38,14,137,32,125,92,150,129,
15,3,3,0,0,74,116,92,122,74,20,
15,4,4,-20,0,63,150,89,65,38,18,
15,5,1,83,68,144,92,125,75,82,164,
15,6,2,52,27,163,135,134,83,94,140,
15,7,3,15,2,89,146,47,69,95,90,
15,8,4,14,1,132,127,85,68,52,48,
15,9,1,84,70,229,126,84,98,161,124,
15,10,2,84,70,61,78,38,95,176,68,
15,11,3,65,42,7,158,120,90,53,133,
15,12,4,45,20,154,155,15,72,138,177,
15,13,1,93,86,96,158,68,37,53,124,
15,14,2,53,28,110,156,179,103,132,154,
15,15,3,29,8,126,171,56,76,27,72,
15,16,4,24,5,128,179,190,137,31,62,
15,17,1,64,40,109,106,-29,152,132,108,
15,18,2,61,37,56,118,90,119,152,90,
15,19,3,44,19,19,71,104,41,40,119,
15,20,4,-45,0,-23,134,84,108,103,34,
15,21,1,68,46,78,26,100,89,32,122,
15,22,2,8,0,93,95,106,120,54,15,
15,23,3,-14,0,91,103,-9,60,125,82,
15,24,4,-47,0,-24,55,83,47,84,68,
15,25,1,90,81,36,68,-36,104,147,11,
15,26,2,31,9,44,171,130,95,47,60,
15,27,3,4,0,133,143,154,37,99,144,
15,28,4,3,0,90,116,89,95,164,129,
15,29,1,46,21,-2,28,169,151,61,165,
15,30,2,29,8,96,166,0,79,150,89,
15,31,3,15,2,134,69,82,150,189,100,
15,32,4,-19,0,113,164,86,130,120,40,
15,33,1,43,18,116,69,41,64,106,142,
15,34,2,35,12,155,121,84,173,40,53,
15,35,3,10,1,108,74,41,93,65,63,
15,36,4,-33,0,133,102,14,87,92,180,
15,37,1,44,19,118,-2,165,173,108,101,
15,38,2,28,7,141,87,97,108,103,82,
15,39,3,24,5,127,70,71,175,38,154,
15,40,4,4,0,169,13,23,136,119,15,
16,1,1,77,59,147,170,105,169,129,115,
16,2,2,71,50,122,91,127,130,27,54,
16,3,3,70,49,142,85,105,69,78,103,
16,4,4,28,7,98,-19,37,48,166,165,
16,5,1,106,112,99,20,124,20,65,146,
16,6,2,104,108,91,70,129,67,79,70,
16,7,3,66,43,171,116,81,28,154,75,
16,8,4,26,6,73,195,95,65,132,73,
16,9,1,102,104,51,94,104,118,174,169,
16,10,2,93,86,149,113,53,100,188,126,
16,11,3,25,6,48,177,66,122,136,60,
16,12,4,24,5,150,135,191,48,34,72,
16,13,1,73,53,59,78,20,142,93,62,
16,14,2,34,11,81,220,178,43,17,71,
16,15,3,21,4,53,137,10,100,108,70,
16,16,4,-2,0,37,212,104,127,60,65,
16,17,1,96,92,99,82,121,73,159,89,
16,18,2,53,28,201,102,49,97,101,53,
16,19,3,51,26,104,32,82,-11,-20,145,
16,20,4,37,13,67,216,175,106,92,165,
16,21,1,47,22,105,13,170,84,129,154,
16,22,2,43,18,71,109,126,156,84,78,
16,23,3,39,15,77,178,39,157,7,75,
16,24,4,33,10,129,109,59,143,43,59,
16,25,1,52,27,163,137,103,152,142,105,
16,26,2,50,25,94,103,137,74,21,225,
16,27,3,45,20,151,78,-27,55,107,82,
16,28,4,36,12,92,18,101,117,111,56,
16,29,1,104,108,84,80,164,133,149,110,
16,30,2,97,94,115,78,40,135,105,181,
16,31,3,52,27,73,90,112,18,44,116,
16,32,4,-13,0,38,123,134,8,160,219,
16,33,1,86,73,120,84,93,144,59,95,
16,34,2,68,46,60,197,41,62,54,124,
16,35,3,52,27,64,127,86,52,116,45,
16,36,4,50,25,49,21,64,112,114,2,
16,37,1,62,38,159,172,122,147,82,144,
16,38,2,40,16,76,214,68,58,114,52,
16,39,3,32,10,63,65,137,113,137,49,
16,40,4,3,0,162,145,273,41,111,153,
17,1,1,12,1,-30,-18,101,83,235,194,
17,2,2,-3,0,32,159,71,159,52,166,
17,3,3,-7,0,116,239,81,32,94,113,
17,4,4,-9,0,63,130,38,198,143,95,
17,5,1,53,28,50,53,80,113,56,91,
17,6,2,52,27,171,91,108,88,89,20,
17,7,3,45,20,54,179,90,89,169,93,
17,8,4,22,4,39,150,69,129,44,147,
17,9,1,131,171,94,157,72,137,148,159,
17,10,2,71,50,16,83,36,94,140,197,
17,11,3,68,46,92,138,161,38,168,214,
17,12,4,11,1,66,98,151,60,164,75,
17,13,1,68,46,144,-24,146,95,152,63,
17,14,2,51,26,118,54,164,87,20,36,
17,15,3,-8,0,17,158,114,55,163,46,
17,16,4,-29,0,52,95,154,31,147,57,
17,17,1,51,26,184,22,183,110,89,119,
17,18,2,18,3,162,169,131,18,56,69,
17,19,3,14,1,26,90,160,-7,143,135,
17,20,4,-36,0,17,131,109,131,192,28,
17,21,1,65,42,181,17,94,84,92,23,
17,22,2,32,10,44,56,141,131,34,29,
17,23,3,16,2,94,117,100,95,60,80,
17,24,4,8,0,107,190,167,78,73,156,
17,25,1,88,77,149,68,176,15,118,72,
17,26,2,49,24,76,130,43,131,72,176,
17,27,3,39,15,55,140,86,106,102,74,
17,28,4,19,3,71,246,86,113,63,138,
17,29,1,78,60,244,56,23,89,127,127,
17,30,2,59,34,136,8,119,124,76,62,
17,31,3,42,17,39,116,84,139,103,150,
17,32,4,-34,0,85,101,173,67,54,170,
17,33,1,115,132,107,52,82,76,94,157,
17,34,2,81,65,97,72,111,122,18,113,
17,35,3,63,39,86,137,152,64,11,139,
17,36,4,48,23,84,120,135,3,142,0,
17,37,1,109,118,65,20,123,7,44,158,
17,38,2,52,27,182,87,151,79,121,99,
17,39,3,27,7,98,127,187,112,84,58,
17,40,4,6,0,31,159,144,122,216,78,
18,1,1,72,51,59,138,161,113,119,114,
18,2,2,54,29,103,77,53,81,87,61,
18,3,3,49,24,143,46,5,168,117,148,
18,4,4,18,3,28,17,150,86,19,68,
18,5,1,88,77,195,81,98,102,85,122,
18,6,2,65,42,228,111,32,152,129,11,
18,7,3,51,26,-4,47,107,74,195,108,
18,8,4,-7,0,81,144,162,84,78,218,
18,9,1,44,19,61,52,212,117,148,35,
18,10,2,43,18,124,91,41,89,63,109,
18,11,3,5,0,78,109,102,136,0,155,
18,12,4,5,0,140,61,72,57,26,115,
18,13,1,50,25,94,214,178,206,101,56,
18,14,2,38,14,3,97,100,104,71,127,
18,15,3,37,13,196,9,145,155,124,61,
18,16,4,-11,0,18,7,94,205,95,113,
18,17,1,59,34,-17,39,70,107,103,128,
18,18,2,51,26,144,121,124,34,118,126,
18,19,3,46,21,188,136,53,54,98,123,
18,20,4,8,0,-38,172,159,79,150,93,
18,21,1,117,136,52,1,61,110,185,60,
18,22,2,78,60,106,111,104,135,114,113,
18,23,3,55,30,1,59,104,140,38,129,
18,24,4,52,27,61,54,112,8,143,150,
18,25,1,69,47,91,-7,125,114,9,142,
18,26,2,37,13,74,51,115,137,172,84,
18,27,3,-2,0,38,60,24,119,36,131,
18,28,4,-16,0,114,132,112,75,87,190,
18,29,1,99,98,82,41,-1,154,98,103,
18,30,2,63,39,142,169,95,106,75,22,
18,31,3,59,34,51,136,28,53,32,81,
18,32,4,30,9,156,183,44,33,67,148,
18,33,1,74,54,78,61,103,146,83,115,
18,34,2,38,14,67,114,112,130,202,35,
18,35,3,35,12,160,71,128,71,126,121,
18,36,4,10,1,74,195,116,137,156,56,
18,37,1,105,110,163,130,60,162,69,54,
18,38,2,96,92,67,66,152,94,17,120,
18,39,3,72,51,105,161,107,135,107,78,
18,40,4,37,13,90,151,127,13,154,119,
19,1,1,48,23,91,89,29,119,31,121,
19,2,2,20,4,74,138,90,169,101,82,
19,3,3,10,1,87,6,211,104,125,15,
19,4,4,-70,0,69,103,-2,111,-28,133,
19,5,1,55,30,55,53,69,58,76,-17,
19,6,2,55,30,64,83,80,12,85,51,
19,7,3,47,22,59,72,74,113,122,52,
19,8,4,45,20,201,94,88,153,222,185,
19,9,1,77,59,106,119,95,97,41,101,
19,10,2,54,29,31,94,192,108,25,53,
19,11,3,51,26,75,125,0,60,139,69,
19,12,4,-42,0,43,22,55,200,49,117,
19,13,1,75,56,42,134,81,137,28,120,
19,14,2,36,12,95,90,115,89,109,75,
19,15,3,-5,0,112,115,71,69,87,143,
19,16,4,-10,0,266,-16,49,222,58,34,
19,17,1,69,47,90,120,75,61,122,37,
19,18,2,51,26,123,72,105,81,-3,169,
19,19,3,33,10,132,22,52,131,110,133,
19,20,4,32,10,140,141,49,104,108,98,
19,21,1,52,27,170,55,71,37,98,102,
19,22,2,40,16,43,73,55,11,177,133,
19,23,3,25,6,110,138,98,198,149,86,
19,24,4,22,4,173,97,118,44,171,85,
19,25,1,64,40,112,120,176,104,40,96,
19,26,2,25,6,114,24,64,126,93,103,
19,27,3,23,5,102,120,120,24,123,176,
19,28,4,10,1,61,120,19,78,134,165,
19,29,1,83,68,102,142,121,63,74,56,
19,30,2,59,34,102,80,78,112,-40,71,
19,31,3,26,6,137,95,54,108,146,87,
19,32,4,23,5,117,132,67,112,-30,97,
19,33,1,87,75,124,104,93,111,2,102,
19,34,2,56,31,70,107,57,63,73,94,
19,35,3,40,16,99,125,66,23,105,-47,
19,36,4,-24,0,0,111,35,4,121,56,
19,37,1,53,28,105,4,130,167,153,39,
19,38,2,49,24,92,45,94,76,99,172,
19,39,3,36,12,62,76,110,71,96,149,
19,40,4,35,12,108,49,224,141,85,134,
20,1,1,109,118,117,78,69,78,47,21,
20,2,2,105,110,109,78,135,140,96,44,
20,3,3,79,62,125,202,90,107,131,81,
20,4,4,52,27,64,194,65,85,143,60,
20,5,1,101,102,100,51,60,46,127,28,
20,6,2,61,37,69,18,112,87,17,127,
20,7,3,52,27,107,110,44,41,49,175,
20,8,4,27,7,16,199,79,176,92,21,
20,9,1,48,23,80,-35,-48,106,121,119,
20,10,2,26,6,48,1,29,83,97,116,
20,11,3,21,4,132,166,209,100,46,73,
20,12,4,0,0,48,10,49,146,82,195,
20,13,1,73,53,142,81,172,194,119,131,
20,14,2,65,42,121,57,137,146,109,80,
20,15,3,29,8,112,4,137,120,82,131,
20,16,4,18,3,115,143,160,25,143,118,
20,17,1,82,67,119,112,88,62,70,110,
20,18,2,32,10,71,103,145,180,92,59,
20,19,3,31,9,215,73,73,11,134,64,
20,20,4,28,7,61,108,43,161,50,90,
20,21,1,87,75,157,128,155,100,73,177,
20,22,2,82,67,86,126,153,147,90,118,
20,23,3,74,54,92,135,114,145,24,141,
20,24,4,41,16,37,182,122,44,106,130,
20,25,1,80,64,55,93,30,91,76,175,
20,26,2,53,28,80,140,70,87,78,50,
20,27,3,49,24,48,115,153,39,106,20,
20,28,4,42,17,75,91,88,154,53,146,
20,29,1,95,90,81,134,60,110,94,83,
20,30,2,66,43,60,167,136,106,128,151,
20,31,3,40,16,108,59,-28,156,39,117,
20,32,4,39,15,102,197,128,83,4,133,
20,33,1,70,49,190,82,115,140,30,114,
20,34,2,67,44,43,128,50,118,121,91,
20,35,3,34,11,89,188,119,109,20,68,
20,36,4,-4,0,86,87,-38,78,110,69,
20,37,1,51,26,172,169,91,162,141,49,
20,38,2,39,15,148,122,76,111,129,31,
20,39,3,17,2,81,54,182,102,134,65,
20,40,4,15,2,81,158,75,80,152,179,
21,1,1,58,33,33,122,188,169,62,82,
21,2,2,12,1,94,115,43,142,17,75,
21,3,3,-16,0,60,139,115,110,107,125,
21,4,4,-21,0,112,79,137,-1,126,24,
21,5,1,74,54,63,73,89,124,98,15,
21,6,2,54,29,69,47,78,130,122,101,
21,7,3,42,17,100,88,91,50,55,172,
21,8,4,34,11,122,69,79,43,47,109,
21,9,1,87,75,33,112,35,63,159,108,
21,10,2,77,59,60,81,-51,98,41,120,
21,11,3,56,31,139,194,72,71,71,78,
21,12,4,36,12,-24,99,142,115,88,57,
21,13,1,64,40,114,65,179,180,109,117,
21,14,2,55,30,70,121,94,132,79,167,
21,15,3,33,10,177,82,125,84,77,36,
21,16,4,16,2,49,102,31,86,40,102,
21,17,1,77,59,77,187,140,127,185,147,
21,18,2,68,46,164,177,112,84,58,103,
21,19,3,27,7,119,92,-1,66,85,157,
21,20,4,22,4,47,83,213,58,93,109,
21,21,1,111,123,116,151,114,79,129,113,
21,22,2,58,33,104,113,135,148,111,56,
21,23,3,49,24,152,161,68,26,79,171,
21,24,4,0,0,140,131,127,158,103,43,
21,25,1,103,106,137,51,134,68,156,70,
21,26,2,72,51,86,145,137,69,147,138,
21,27,3,33,10,-34,93,108,161,78,122,
21,28,4,-7,0,40,100,56,133,65,27,
21,29,1,87,75,134,45,108,67,84,99,
21,30,2,66,43,134,14,127,126,30,38,
21,31,3,33,10,24,172,136,90,103,125,
21,32,4,-17,0,28,114,44,143,95,93,
21,33,1,117,136,182,90,112,70,170,132,
21,34,2,96,92,157,55,69,71,76,133,
21,35,3,92,84,174,92,166,173,41,144,
21,36,4,-22,0,238,92,72,132,116,121,
21,37,1,60,36,110,83,61,147,38,127,
21,38,2,56,31,22,114,185,128,-5,184,
21,39,3,54,29,100,105,10,76,72,104,
21,40,4,49,24,43,151,158,209,159,85,
22,1,1,59,34,25,29,147,133,14,109,
22,2,2,14,1,61,139,125,147,93,117,
22,3,3,-24,0,56,81,78,110,19,118,
22,4,4,-49,0,92,168,31,153,73,110,
22,5,1,56,31,12,87,65,68,142,127,
22,6,2,38,14,140,61,176,155,160,85,
22,7,3,36,12,169,83,78,53,165,59,
22,8,4,31,9,56,189,126,148,169,65,
22,9,1,71,50,43,73,98,106,10,30,
22,10,2,56,31,191,103,183,25,131,64,
22,11,3,51,26,79,158,44,111,14,131,
22,12,4,-7,0,121,141,139,68,68,120,
22,13,1,82,67,58,103,138,47,88,95,
22,14,2,76,57,32,145,84,8,196,94,
22,15,3,69,47,25,137,76,95,51,113,
22,16,4,64,40,140,156,89,54,-10,128,
22,17,1,69,47,124,57,69,76,108,67,
22,18,2,55,30,79,118,40,97,113,123,
22,19,3,33,10,20,63,86,88,122,30,
22,20,4,25,6,91,65,56,124,143,143,
22,21,1,97,94,204,141,85,90,109,67,
22,22,2,82,67,97,72,110,110,130,71,
22,23,3,56,31,173,164,163,86,44,187,
22,24,4,30,9,142,143,76,99,91,9,
22,25,1,93,86,54,93,72,108,40,132,
22,26,2,47,22,144,105,154,104,106,183,
22,27,3,45,20,122,184,20,39,132,163,
22,28,4,26,6,59,98,133,81,113,60,
22,29,1,68,46,123,152,42,138,133,115,
22,30,2,58,33,134,227,43,71,166,125,
22,31,3,54,29,103,111,123,150,128,96,
22,32,4,42,17,163,73,197,111,20,73,
22,33,1,108,116,122,50,92,64,69,74,
22,34,2,85,72,98,131,101,119,122,-7,
22,35,3,68,46,132,11,66,120,132,136,
22,36,4,-20,0,5,80,83,132,159,55,
22,37,1,79,62,73,103,91,194,7,127,
22,38,2,70,49,155,126,92,70,71,70,
22,39,3,26,6,105,84,209,100,158,92,
22,40,4,2,0,-24,123,152,106,111,133,
23,1,1,35,12,111,53,106,-14,98,115,
23,2,2,34,11,50,50,55,53,33,166,
23,3,3,-9,0,151,114,31,50,124,46,
23,4,4,-48,0,88,100,34,158,81,143,
23,5,1,109,118,145,-18,110,128,107,55,
23,6,2,71,50,112,34,54,40,140,144,
23,7,3,50,25,190,127,84,138,214,149,
23,8,4,42,17,147,83,118,164,68,113,
23,9,1,65,42,114,56,154,130,37,55,
23,10,2,50,25,134,114,65,107,90,137,
23,11,3,39,15,98,75,152,164,197,108,
23,12,4,-56,0,34,81,134,22,83,147,
23,13,1,90,81,93,83,123,266,95,47,
23,14,2,74,54,90,77,144,160,73,80,
23,15,3,28,7,89,142,97,79,106,130,
23,16,4,16,2,4,197,118,107,57,47,
23,17,1,75,56,164,103,117,33,-31,143,
23,18,2,71,50,143,29,119,63,3,105,
23,19,3,41,16,61,86,147,84,99,132,
23,20,4,20,4,94,151,39,141,119,94,
23,21,1,159,252,121,32,79,99,72,125,
23,22,2,43,18,128,126,137,32,160,148,
23,23,3,18,3,190,54,90,123,249,167,
23,24,4,12,1,82,105,55,149,9,121,
23,25,1,99,98,138,132,57,108,49,92,
23,26,2,96,92,130,141,132,29,158,36,
23,27,3,82,67,161,149,50,77,62,118,
23,28,4,78,60,89,94,116,205,48,130,
23,29,1,47,22,88,50,46,109,137,106,
23,30,2,32,10,88,87,131,106,29,163,
23,31,3,22,4,132,34,109,152,139,92,
23,32,4,15,2,-28,98,180,106,164,51,
23,33,1,53,28,77,98,-68,215,139,148,
23,34,2,50,25,105,16,-6,68,94,148,
23,35,3,49,24,74,201,227,106,17,135,
23,36,4,42,17,107,121,94,84,103,75,
23,37,1,78,60,121,68,47,72,200,80,
23,38,2,77,59,55,161,38,109,41,161,
23,39,3,69,47,129,155,42,147,96,104,
23,40,4,-78,0,27,148,170,23,76,61,
24,1,1,84,70,76,112,126,142,115,16,
24,2,2,68,46,181,38,207,74,93,-44,
24,3,3,39,15,61,85,96,93,64,177,
24,4,4,34,11,67,13,68,100,108,109,
24,5,1,99,98,60,125,78,109,90,141,
24,6,2,64,40,56,142,206,93,26,77,
24,7,3,56,31,41,90,14,65,117,79,
24,8,4,19,3,160,55,212,74,94,6,
24,9,1,29,8,150,198,138,84,81,53,
24,10,2,20,4,117,117,75,187,152,106,
24,11,3,-38,0,90,67,119,43,92,93,
24,12,4,-64,0,111,169,21,114,163,7,
24,13,1,64,40,148,38,12,136,46,118,
24,14,2,64,40,97,139,49,43,188,112,
24,15,3,53,28,120,106,69,18,179,30,
24,16,4,37,13,149,44,63,118,71,90,
24,17,1,68,46,56,89,54,16,187,74,
24,18,2,56,31,120,97,156,162,196,167,
24,19,3,46,21,158,68,65,32,72,142,
24,20,4,-14,0,88,87,202,52,51,74,
24,21,1,96,92,138,207,115,125,35,105,
24,22,2,74,54,184,137,104,114,94,101,
24,23,3,-10,0,31,96,137,15,118,82,
24,24,4,-16,0,53,110,76,58,159,90,
24,25,1,99,98,89,164,85,76,70,81,
24,26,2,76,57,47,27,92,210,65,105,
24,27,3,7,0,139,51,125,-3,-40,97,
24,28,4,-47,0,81,132,246,53,106,112,
24,29,1,77,59,36,23,133,129,78,160,
24,30,2,70,49,151,155,141,49,124,80,
24,31,3,34,11,110,139,159,43,78,114,
24,32,4,31,9,125,111,140,123,146,120,
24,33,1,58,33,138,51,194,61,78,78,
24,34,2,54,29,137,91,148,138,68,8,
24,35,3,-21,0,88,106,70,79,93,83,
24,36,4,-63,0,51,119,103,79,139,80,
24,37,1,119,141,117,61,123,150,90,48,
24,38,2,48,23,110,111,108,201,87,126,
24,39,3,33,10,88,126,114,102,174,91,
24,40,4,14,1,28,103,79,167,56,70,
25,1,1,66,43,156,98,172,213,47,120,
25,2,2,57,32,31,48,79,84,59,226,
25,3,3,6,0,92,-23,209,89,112,98,
25,4,4,3,0,119,79,199,89,112,65,
25,5,1,60,36,52,58,110,131,-19,-21,
25,6,2,52,27,115,69,159,70,90,80,
25,7,3,49,24,140,65,88,45,103,100,
25,8,4,47,22,95,57,137,186,67,117,
25,9,1,99,98,113,41,144,126,187,65,
25,10,2,69,47,92,71,109,41,59,16,
25,11,3,43,18,108,107,147,2,134,118,
25,12,4,-20,0,173,76,4,170,61,87,
25,13,1,76,57,84,32,64,114,87,122,
25,14,2,55,30,80,108,125,132,78,31,
25,15,3,15,2,155,123,150,132,136,38,
25,16,4,10,1,62,100,167,157,115,104,
25,17,1,66,43,209,82,111,231,153,82,
25,18,2,22,4,144,138,152,148,108,92,
25,19,3,9,0,87,159,92,77,93,80,
25,20,4,-42,0,68,133,45,132,140,45,
25,21,1,116,134,91,113,117,100,140,90,
25,22,2,72,51,132,153,72,161,56,123,
25,23,3,45,20,14,110,138,101,107,127,
25,24,4,16,2,52,115,140,34,160,118,
25,25,1,39,15,151,0,127,3,190,153,
25,26,2,19,3,70,19,60,224,158,68,
25,27,3,14,1,79,158,16,156,80,95,
25,28,4,13,1,-43,104,68,159,86,122,
25,29,1,67,44,123,209,132,151,94,241,
25,30,2,19,3,59,92,-18,119,160,96,
25,31,3,0,0,76,137,76,114,122,43,
25,32,4,-5,0,109,82,84,129,180,199,
25,33,1,64,40,201,159,52,132,127,86,
25,34,2,52,27,23,81,56,158,146,68,
25,35,3,38,14,135,57,118,203,90,82,
25,36,4,30,9,82,64,86,47,69,214,
25,37,1,75,56,152,113,125,32,114,153,
25,38,2,61,37,99,26,173,126,130,21,
25,39,3,57,32,99,133,122,56,70,121,
25,40,4,48,23,84,161,90,107,68,99,
26,1,1,46,21,134,43,125,82,102,138,
26,2,2,20,4,91,0,125,68,156,129,
26,3,3,17,2,126,119,140,100,141,77,
26,4,4,7,0,50,25,79,90,114,92,
26,5,1,46,21,114,50,109,92,114,157,
26,6,2,45,20,106,57,50,52,141,90,
26,7,3,18,3,134,74,56,80,75,86,
26,8,4,-60,0,71,72,72,145,132,55,
26,9,1,91,82,151,104,146,98,48,47,
26,10,2,64,40,158,187,29,33,38,100,
26,11,3,34,11,119,129,54,130,85,126,
26,12,4,24,5,107,-14,188,155,131,144,
26,13,1,79,62,-3,127,7,191,104,110,
26,14,2,46,21,127,101,72,33,114,129,
26,15,3,13,1,-15,65,73,179,139,61,
26,16,4,-8,0,92,96,129,43,96,134,
26,17,1,81,65,149,140,44,158,71,56,
26,18,2,80,64,102,79,95,122,104,94,
26,19,3,70,49,23,116,37,119,95,109,
26,20,4,63,39,69,92,120,78,127,129,
26,21,1,64,40,-6,29,121,50,53,111,
26,22,2,60,36,84,124,63,123,45,107,
26,23,3,8,0,114,96,75,75,89,110,
26,24,4,2,0,13,97,19,45,181,124,
26,25,1,73,53,193,44,161,160,119,86,
26,26,2,67,44,106,84,158,160,50,119,
26,27,3,45,20,63,76,153,156,8,205,
26,28,4,20,4,142,166,121,112,151,86,
26,29,1,72,51,99,142,58,133,86,114,
26,30,2,59,34,105,119,91,100,83,79,
26,31,3,49,24,101,61,98,121,93,156,
26,32,4,-12,0,14,100,184,35,130,98,
26,33,1,68,46,56,99,38,120,118,114,
26,34,2,60,36,73,199,34,121,172,173,
26,35,3,-8,0,72,172,71,141,59,63,
26,36,4,-50,0,54,116,148,71,62,98,
26,37,1,92,84,138,42,51,146,-17,75,
26,38,2,60,36,221,105,64,120,12,126,
26,39,3,31,9,91,157,102,57,93,53,
26,40,4,18,3,88,136,71,31,98,83,
27,1,1,54,29,94,49,105,94,97,169,
27,2,2,50,25,75,78,-43,149,165,71,
27,3,3,37,13,178,32,93,116,148,90,
27,4,4,17,2,141,156,152,83,98,85,
27,5,1,39,15,158,82,135,92,171,47,
27,6,2,-14,0,147,80,128,157,17,187,
27,7,3,-90,0,65,93,18,146,99,44,
27,8,4,-96,0,44,64,-9,107,150,116,
27,9,1,76,57,113,63,-11,6,48,221,
27,10,2,57,32,193,196,110,43,107,37,
27,11,3,45,20,41,149,146,26,221,143,
27,12,4,42,17,195,84,125,16,128,138,
27,13,1,22,4,96,104,113,127,74,82,
27,14,2,3,0,154,107,181,85,143,169,
27,15,3,-8,0,154,79,109,160,185,55,
27,16,4,-53,0,-15,182,127,95,75,87,
27,17,1,83,68,71,43,32,73,152,106,
27,18,2,47,22,28,73,69,75,84,74,
27,19,3,25,6,57,192,125,177,88,16,
27,20,4,-28,0,67,127,106,20,149,126,
27,21,1,125,156,113,76,86,63,106,56,
27,22,2,89,79,205,108,133,63,117,202,
27,23,3,18,3,89,161,112,68,99,83,
27,24,4,-4,0,59,138,76,126,73,66,
27,25,1,81,65,82,66,98,67,122,146,
27,26,2,45,20,134,87,88,-1,74,65,
27,27,3,36,12,48,114,67,178,89,131,
27,28,4,29,8,93,171,144,115,103,95,
27,29,1,107,114,121,129,90,96,87,42,
27,30,2,73,53,109,133,215,89,66,76,
27,31,3,56,31,173,115,114,99,-47,70,
27,32,4,49,24,87,156,121,93,103,133,
27,33,1,111,123,96,95,167,143,52,131,
27,34,2,49,24,1,33,93,101,195,88,
27,35,3,34,11,77,113,100,188,129,78,
27,36,4,-9,0,184,101,75,56,163,109,
27,37,1,61,37,133,111,65,48,126,-17,
27,38,2,53,28,41,69,60,-14,118,24,
27,39,3,41,16,114,121,118,134,73,91,
27,40,4,7,0,88,49,14,37,23,63,
28,1,1,72,51,103,63,58,114,61,55,
28,2,2,58,33,66,124,149,23,46,102,
28,3,3,54,29,99,36,88,68,-11,102,
28,4,4,24,5,-26,80,75,59,71,149,
28,5,1,118,139,135,176,10,164,117,141,
28,6,2,107,114,70,141,93,76,147,104,
28,7,3,73,53,95,117,117,74,80,157,
28,8,4,56,31,54,167,87,159,54,166,
28,9,1,41,16,215,-48,88,10,172,39,
28,10,2,37,13,109,29,33,38,141,100,
28,11,3,13,1,182,98,213,36,135,78,
28,12,4,-5,0,56,87,74,77,61,198,
28,13,1,113,127,125,185,145,142,170,185,
28,14,2,81,65,79,219,195,156,153,55,
28,15,3,34,11,77,178,121,76,129,204,
28,16,4,5,0,21,102,115,164,87,118,
28,17,1,39,15,70,110,139,123,7,26,
28,18,2,36,12,88,39,149,132,84,122,
28,19,3,29,8,102,88,87,160,206,116,
28,20,4,8,0,178,177,35,133,178,-35,
28,21,1,92,84,128,2,114,119,96,103,
28,22,2,70,49,75,53,68,151,16,91,
28,23,3,43,18,105,35,194,28,102,16,
28,24,4,21,4,122,129,129,44,119,128,
28,25,1,82,67,103,86,53,70,105,192,
28,26,2,57,32,68,97,159,154,148,176,
28,27,3,45,20,31,137,46,170,125,130,
28,28,4,-35,0,7,116,34,118,66,121,
28,29,1,133,176,171,121,66,101,130,158,
28,30,2,87,75,187,122,83,103,101,129,
28,31,3,51,26,112,193,118,88,94,119,
28,32,4,32,10,96,173,129,54,130,19,
28,33,1,92,84,107,100,121,119,10,134,
28,34,2,69,47,165,54,161,56,60,85,
28,35,3,68,46,78,77,96,156,125,22,
28,36,4,57,32,150,121,103,12,57,156,
28,37,1,99,98,162,84,75,72,134,47,
28,38,2,72,51,91,130,149,176,102,95,
28,39,3,49,24,170,49,83,9,102,148,
28,40,4,45,20,111,146,72,62,119,157,
29,1,1,42,17,113,231,34,168,76,11,
29,2,2,30,9,109,205,106,102,93,116,
29,3,3,26,6,131,49,94,81,118,139,
29,4,4,20,4,125,67,151,89,111,33,
29,5,1,49,24,146,250,220,162,-13,98,
29,6,2,31,9,99,92,127,58,153,147,
29,7,3,30,9,15,103,75,127,67,185,
29,8,4,13,1,94,84,32,117,61,91,
29,9,1,84,70,59,167,108,119,110,71,
29,10,2,55,30,49,72,-26,-10,99,54,
29,11,3,30,9,129,122,188,71,54,26,
29,12,4,15,2,88,103,118,57,77,103,
29,13,1,54,29,99,57,150,169,262,155,
29,14,2,47,22,132,43,69,50,36,128,
29,15,3,6,0,57,74,128,169,115,36,
29,16,4,1,0,61,100,-27,47,136,101,
29,17,1,76,57,88,54,75,56,121,44,
29,18,2,45,20,117,77,76,73,118,85,
29,19,3,-6,0,54,14,90,149,117,72,
29,20,4,-52,0,25,100,53,37,60,12,
29,21,1,114,129,83,183,114,212,136,190,
29,22,2,99,98,170,86,141,167,169,95,
29,23,3,95,90,97,58,119,102,127,89,
29,24,4,76,57,152,94,127,80,64,86,
29,25,1,145,210,113,77,92,8,222,103,
29,26,2,65,42,75,23,113,116,105,177,
29,27,3,48,23,117,94,119,69,35,150,
29,28,4,28,7,10,106,184,126,75,127,
29,29,1,88,77,65,79,89,98,61,108,
29,30,2,71,50,213,258,117,72,40,55,
29,31,3,57,32,29,81,95,64,103,149,
29,32,4,7,0,39,189,177,157,9,0,
29,33,1,104,108,125,117,80,143,130,105,
29,34,2,47,22,50,102,93,66,209,122,
29,35,3,27,7,83,176,135,188,40,128,
29,36,4,-39,0,44,155,208,68,100,117,
29,37,1,49,24,95,67,101,36,166,126,
29,38,2,39,15,135,107,153,186,78,113,
29,39,3,30,9,83,90,98,117,106,122,
29,40,4,11,1,70,82,-6,43,110,110,
30,1,1,83,68,211,16,60,26,97,31,
30,2,2,63,39,126,81,174,32,20,135,
30,3,3,58,33,157,-13,106,69,29,101,
30,4,4,55,30,167,14,66,190,99,115,
30,5,1,130,169,135,93,83,63,101,55,
30,6,2,114,129,55,159,87,68,110,149,
30,7,3,98,96,140,149,59,111,109,136,
30,8,4,-8,0,2,108,91,121,12,59,
30,9,1,66,43,68,65,88,171,102,116,
30,10,2,45,20,140,146,73,66,-6,65,
30,11,3,35,12,28,167,140,134,60,122,
30,12,4,34,11,56,131,55,75,176,66,
30,13,1,81,65,87,89,13,82,112,103,
30,14,2,70,49,3,132,87,58,219,-13,
30,15,3,64,40,51,127,96,88,84,152,
30,16,4,60,36,177,93,50,144,12,22,
30,17,1,95,90,222,160,105,62,116,59,
30,18,2,79,62,107,74,95,151,90,113,
30,19,3,22,4,61,41,8,113,131,73,
30,20,4,15,2,51,148,44,95,83,17,
30,21,1,48,23,145,112,7,62,149,12,
30,22,2,20,4,190,84,174,15,127,233,
30,23,3,-1,0,185,195,42,55,117,158,
30,24,4,-4,0,93,102,43,164,120,45,
30,25,1,114,129,130,92,102,107,72,53,
30,26,2,80,64,104,161,103,32,194,110,
30,27,3,62,38,95,173,8,92,94,82,
30,28,4,18,3,78,121,174,81,81,52,
30,29,1,58,33,104,100,105,94,32,47,
30,30,2,52,27,109,76,56,177,198,51,
30,31,3,31,9,141,39,106,135,121,79,
30,32,4,-11,0,94,199,126,15,216,90,
30,33,1,87,75,7,116,163,131,149,32,
30,34,2,46,21,39,88,129,42,18,135,
30,35,3,-17,0,107,139,121,90,54,49,
30,36,4,-20,0,122,123,36,153,7,64,
30,37,1,86,73,70,104,49,-6,130,106,
30,38,2,65,42,148,191,16,118,193,87,
30,39,3,62,38,96,49,61,86,121,111,
30,40,4,9,0,44,157,121,42,42,147,
